frame_no,timestamp,size_px-darkorange,position_px_x-darkorange,position_px_y-darkorange,rx-darkorange,ry-darkorange,vx-darkorange,vy-darkorange,ax-darkorange,ay-darkorange,size_px-green,position_px_x-green,position_px_y-green,rx-green,ry-green,vx-green,vy-green,ax-green,ay-green,size_px-hotpink,position_px_x-hotpink,position_px_y-hotpink,rx-hotpink,ry-hotpink,vx-hotpink,vy-hotpink,ax-hotpink,ay-hotpink,size_px-lightorange,position_px_x-lightorange,position_px_y-lightorange,rx-lightorange,ry-lightorange,vx-lightorange,vy-lightorange,ax-lightorange,ay-lightorange,size_px-yellowneon,position_px_x-yellowneon,position_px_y-yellowneon,rx-yellowneon,ry-yellowneon,vx-yellowneon,vy-yellowneon,ax-yellowneon,ay-yellowneon
0,131.8,,,,,,,,,,,,,,,,,,,,,,,,,,,,40,88,471,,,,,,,,,,,,,,,
1,131.8,6,718,880,,,,,,,,,,,,,,,,,,,,,,,,,49,507,290,,,,,,,,,,,,,,,
2,243.2,8,749,876,,,,,,,,,,,,,,,,,,,,,,,,,43,503,861,,,,,,,,,,,,,,,
3,263.7,5,768,895,,,,,,,,,,,,,,,,,,,,,,,,,25,92,49,,,,,,,,,,,,,,,
4,293.0,7,720,883,,,,,,,,,,,,,,,,,,,,,,,,,46,823,738,,,,,,,,,,,,,,,
5,293.0,,,,,,,,,,9,673,891,,,,,,,9,836,884,,,,,,,,,,,,,,,,8,827,721,,,,,,
6,301.2,,,,,,,,,,9,672,891,,,,,,,9,836,884,,,,,,,,,,,,,,,,7,828,720,,,,,,
7,332.5,,,,,,,,,,9,672,891,,,,,,,9,837,884,,,,,,,,,,,,,,,,8,827,720,,,,,,
8,332.5,,,,,,,,,,9,672,891,,,,,,,8,836,884,,,,,,,,,,,,,,,,8,827,720,,,,,,
9,349.7,,,,,,,,,,9,672,891,,,,,,,8,837,884,,,,,,,,,,,,,,,,7,827,721,,,,,,
10,349.7,,,,,,,,,,9,672,891,,,,,,,8,837,884,,,,,,,,,,,,,,,,8,827,721,,,,,,
11,381.5,,,,,,,,,,9,673,891,,,,,,,8,837,884,,,,,,,,,,,,,,,,7,827,721,,,,,,
12,413.4,,,,,,,,,,9,672,891,,,,,,,8,837,884,,,,,,,,,,,,,,,,7,827,720,,,,,,
13,481.7,,,,,,,,,,9,673,892,,,,,,,8,837,884,,,,,,,,,,,,,,,,8,827,721,,,,,,
14,513.5,,,,,,,,,,9,673,892,,,,,,,8,837,884,,,,,,,,,,,,,,,,8,826,720,,,,,,
15,549.6,,,,,,,,,,9,672,892,,,,,,,8,837,884,,,,,,,,,,,,,,,,8,826,720,,,,,,
16,581.4,,,,,,,,,,9,672,892,,,,,,,8,837,884,,,,,,,,,,,,,,,,7,825,721,,,,,,
17,613.6,,,,,,,,,,9,672,892,,,,,,,8,836,883,,,,,,,,,,,,,,,,7,825,720,,,,,,
18,649.4,,,,,,,,,,9,672,892,,,,,,,8,836,883,,,,,,,,,,,,,,,,8,824,720,,,,,,
19,684.3,,,,,,,,,,9,671,892,,,,,,,8,835,883,,,,,,,,,,,,,,,,8,824,720,,,,,,
20,714.5,,,,,,,,,,9,671,892,,,,,,,8,835,883,,,,,,,,,,,,,,,,8,823,719,,,,,,
21,749.8,,,,,,,,,,9,671,893,,,,,,,8,835,883,,,,,,,,,,,,,,,,8,822,720,,,,,,
22,781.8,,,,,,,,,,9,671,893,,,,,,,8,835,883,,,,,,,,,,,,,,,,8,821,719,,,,,,
23,813.5,,,,,,,,,,9,671,894,,,,,,,9,835,882,,,,,,,,,,,,,,,,8,821,719,,,,,,
24,849.4,,,,,,,,,,9,671,894,,,,,,,8,835,882,,,,,,,,,,,,,,,,8,820,719,,,,,,
25,881.7,,,,,,,,,,9,671,895,,,,,,,8,835,882,,,,,,,,,,,,,,,,8,819,718,,,,,,
26,914.6,,,,,,,,,,9,672,895,,,,,,,8,836,881,,,,,,,,,,,,,,,,8,819,718,,,,,,
27,949.7,,,,,,,,,,9,671,895,,,,,,,8,835,881,,,,,,,,,,,,,,,,8,818,718,,,,,,
28,981.5,,,,,,,,,,9,671,896,,,,,,,8,834,881,,,,,,,,,,,,,,,,8,817,718,,,,,,
29,1014.0,,,,,,,,,,9,671,897,,,,,,,8,834,881,,,,,,,,,,,,,,,,7,817,718,,,,,,
30,1049.6,,,,,,,,,,9,671,897,,,,,,,9,835,881,,,,,,,,,,,,,,,,7,816,718,,,,,,
31,1081.6,,,,,,,,,,9,671,898,,,,,,,8,835,882,,,,,,,,,,,,,,,,7,816,718,,,,,,
32,1113.7,,,,,,,,,,9,671,898,,,,,,,8,835,882,,,,,,,,,,,,,,,,7,815,718,,,,,,
33,1149.7,,,,,,,,,,9,671,899,,,,,,,8,835,883,,,,,,,,,,,,,,,,7,815,719,,,,,,
34,1185.8,,,,,,,,,,9,670,899,,,,,,,8,834,882,,,,,,,,,,,,,,,,8,815,720,,,,,,
35,1224.9,,,,,,,,,,9,671,900,,,,,,,8,834,883,,,,,,,,,,,,,,,,7,814,720,,,,,,
36,1251.4,,,,,,,,,,9,670,900,,,,,,,8,834,883,,,,,,,,,,,,,,,,7,814,720,,,,,,
37,1288.4,,,,,,,,,,9,670,901,,,,,,,8,834,884,,,,,,,,,,,,,,,,7,814,721,,,,,,
38,1313.9,,,,,,,,,,9,670,901,,,,,,,8,833,883,,,,,,,,,,,,,,,,8,813,721,,,,,,
39,1349.7,,,,,,,,,,9,669,901,,,,,,,8,833,884,,,,,,,,,,,,,,,,8,813,721,,,,,,
40,1384.2,,,,,,,,,,9,669,901,,,,,,,8,832,884,,,,,,,,,,,,,,,,7,812,721,,,,,,
41,1420.7,,,,,,,,,,9,668,901,,,,,,,8,832,884,,,,,,,,,,,,,,,,7,812,721,,,,,,
42,1452.9,,,,,,,,,,9,668,902,,,,,,,8,832,885,,,,,,,,,,,,,,,,7,811,721,,,,,,
43,1481.8,,,,,,,,,,9,667,902,,,,,,,8,831,885,,,,,,,,,,,,,,,,7,811,722,,,,,,
44,1524.6,,,,,,,,,,9,667,903,,,,,,,8,831,885,,,,,,,,,,,,,,,,7,811,722,,,,,,
45,1555.1,,,,,,,,,,9,667,903,,,,,,,8,830,886,,,,,,,,,,,,,,,,7,811,723,,,,,,
46,1582.2,,,,,,,,,,9,667,904,,,,,,,8,830,886,,,,,,,,,,,,,,,,7,810,723,,,,,,
47,1614.1,,,,,,,,,,9,666,904,,,,,,,9,830,887,,,,,,,,,,,,,,,,7,810,724,,,,,,
48,1649.8,,,,,,,,,,9,666,905,,,,,,,8,830,888,,,,,,,,,,,,,,,,7,809,724,,,,,,
49,1681.6,,,,,,,,,,9,665,906,,,,,,,8,829,889,,,,,,,,,,,,,,,,8,809,725,,,,,,
50,1713.7,,,,,,,,,,9,665,907,,,,,,,8,829,890,,,,,,,,,,,,,,,,8,809,726,,,,,,
51,1749.4,,,,,,,,,,9,665,908,,,,,,,8,829,891,,,,,,,,,,,,,,,,7,809,727,,,,,,
52,1781.6,,,,,,,,,,9,665,909,,,,,,,8,829,891,,,,,,,,,,,,,,,,7,808,728,,,,,,
53,1814.0,,,,,,,,,,9,665,911,,,,,,,8,828,893,,,,,,,,,,,,,,,,7,808,730,,,,,,
54,1849.6,,,,,,,,,,9,665,912,,,,,,,9,828,895,,,,,,,,,,,,,,,,7,808,731,,,,,,
55,1881.9,,,,,,,,,,9,665,914,,,,,,,8,828,896,,,,,,,,,,,,,,,,7,808,733,,,,,,
56,1913.7,,,,,,,,,,9,665,916,,,,,,,8,828,897,,,,,,,,,,,,,,,,7,808,734,,,,,,
57,1949.7,,,,,,,,,,9,665,917,,,,,,,8,828,899,,,,,,,,,,,,,,,,8,807,736,,,,,,
58,1981.8,,,,,,,,,,9,664,920,,,,,,,8,828,901,,,,,,,,,,,,,,,,7,807,738,,,,,,
59,2013.9,,,,,,,,,,9,665,922,,,,,,,8,828,903,,,,,,,,,,,,,,,,8,807,740,,,,,,
60,2049.4,,,,,,,,,,9,665,924,,,,,,,8,828,906,,,,,,,,,,,,,,,,7,807,742,,,,,,
61,2081.7,,,,,,,,,,9,664,926,,,,,,,8,828,907,,,,,,,,,,,,,,,,7,807,745,,,,,,
62,2114.4,,,,,,,,,,9,664,929,,,,,,,8,828,910,,,,,,,,,,,,,,,,7,807,747,,,,,,
63,2149.8,,,,,,,,,,9,665,931,,,,,,,8,828,912,,,,,,,,,,,,,,,,7,807,749,,,,,,
64,2184.6,,,,,,,,,,9,665,934,,,,,,,8,829,915,,,,,,,,,,,,,,,,8,807,752,,,,,,
65,2213.8,,,,,,,,,,9,665,937,,,,,,,9,829,918,,,,,,,,,,,,,,,,8,807,754,,,,,,
66,2250.0,,,,,,,,,,9,665,940,,,,,,,8,828,921,,,,,,,,,,,,,,,,7,807,757,,,,,,
67,2282.1,,,,,,,,,,9,665,943,,,,,,,8,829,924,,,,,,,,,,,,,,,,8,807,760,,,,,,
68,2313.9,,,,,,,,,,9,666,946,,,,,,,8,829,927,,,,,,,,,,,,,,,,8,807,763,,,,,,
69,2349.9,,,,,,,,,,9,666,950,,,,,,,8,830,930,,,,,,,,,,,,,,,,7,807,766,,,,,,
70,2383.8,,,,,,,,,,9,666,953,,,,,,,9,830,934,,,,,,,,,,,,,,,,8,808,769,,,,,,
71,2413.6,,,,,,,,,,9,667,957,,,,,,,9,830,937,,,,,,,,,,,,,,,,7,808,773,,,,,,
72,2451.0,,,,,,,,,,9,667,960,,,,,,,9,831,940,,,,,,,,,,,,,,,,8,808,776,,,,,,
73,2488.6,,,,,,,,,,9,667,964,,,,,,,9,831,944,,,,,,,,,,,,,,,,8,808,780,,,,,,
74,2514.7,,,,,,,,,,9,668,968,,,,,,,9,831,948,,,,,,,,,,,,,,,,8,808,784,,,,,,
75,2549.5,,,,,,,,,,9,667,971,,,,,,,9,830,951,,,,,,,,,,,,,,,,8,808,788,,,,,,
76,2581.7,,,,,,,,,,9,662,968,,,,,,,9,826,952,,,,,,,,,,,,,,,,8,809,789,,,,,,
77,2616.7,,,,,,,,,,9,656,961,,,,,,,9,821,951,,,,,,,,,,,,,,,,8,809,787,,,,,,
78,2649.9,,,,,,,,,,9,650,954,,,,,,,9,815,950,,,,,,,,,,,,,,,,7,808,785,,,,,,
79,2681.9,,,,,,,,,,9,644,946,,,,,,,9,809,948,,,,,,,,,,,,,,,,7,808,784,,,,,,
80,2714.3,,,,,,,,,,9,638,939,,,,,,,9,803,947,,,,,,,,,,,,,,,,8,807,782,,,,,,
81,2750.7,,,,,,,,,,9,632,932,,,,,,,9,796,945,,,,,,,,,,,,,,,,8,807,781,,,,,,
82,2785.6,,,,,,,,,,9,626,924,,,,,,,9,790,944,,,,,,,,,,,,,,,,8,806,780,,,,,,
83,2813.9,,,,,,,,,,9,621,917,,,,,,,9,783,942,,,,,,,,,,,,,,,,7,805,779,,,,,,
84,2852.2,,,,,,,,,,9,615,910,,,,,,,9,778,940,,,,,,,,,,,,,,,,8,804,778,,,,,,
85,2883.9,,,,,,,,,,9,613,902,,,,,,,9,775,934,,,,,,,,,,,,,,,,8,803,773,,,,,,
86,2913.7,,,,,,,,,,9,611,893,,,,,,,9,773,925,,,,,,,,,,,,,,,,7,801,764,,,,,,
87,2949.9,,,,,,,,,,9,610,885,,,,,,,9,771,916,,,,,,,,,,,,,,,,7,799,755,,,,,,
88,2982.1,,,,,,,,,,9,608,877,,,,,,,9,770,908,,,,,,,,,,,,,,,,8,797,747,,,,,,
89,3014.1,,,,,,,,,,9,606,869,,,,,,,9,768,899,,,,,,,,,,,,,,,,7,795,738,,,,,,
90,3051.1,,,,,,,,,,9,605,860,,,,,,,9,767,891,,,,,,,,,,,,,,,,7,793,729,,,,,,
91,3081.7,,,,,,,,,,9,603,852,,,,,,,9,765,882,,,,,,,,,,,,,,,,7,791,721,,,,,,
92,3113.7,,,,,,,,,,9,602,844,,,,,,,9,764,874,,,,,,,,,,,,,,,,8,790,714,,,,,,
93,3149.4,,,,,,,,,,9,600,837,,,,,,,9,762,866,,,,,,,,,,,,,,,,7,788,705,,,,,,
94,3181.8,,,,,,,,,,9,598,829,,,,,,,9,761,858,,,,,,,,,,,,,,,,7,786,697,,,,,,
95,3213.9,,,,,,,,,,9,597,822,,,,,,,8,759,850,,,,,,,,,,,,,,,,8,784,689,,,,,,
96,3249.5,,,,,,,,,,9,596,814,,,,,,,8,758,842,,,,,,,,,,,,,,,,7,782,681,,,,,,
97,3282.4,,,,,,,,,,9,594,807,,,,,,,8,756,834,,,,,,,,,,,,,,,,7,780,674,,,,,,
98,3313.8,,,,,,,,,,9,593,800,,,,,,,8,755,827,,,,,,,,,,,,,,,,7,779,666,,,,,,
99,3349.9,,,,,,,,,,9,592,792,,,,,,,8,754,819,,,,,,,,,,,,,,,,7,777,659,,,,,,
100,3381.6,,,,,,,,,,9,590,785,,,,,,,8,753,812,,,,,,,,,,,,,,,,7,776,651,,,,,,
101,3413.5,,,,,,,,,,9,589,778,,,,,,,9,751,804,,,,,,,,,,,,,,,,7,774,644,,,,,,
102,3449.9,,,,,,,,,,9,588,771,,,,,,,8,750,797,,,,,,,,,,,,,,,,7,772,637,,,,,,
103,3482.2,,,,,,,,,,9,586,765,,,,,,,8,748,790,,,,,,,,,,,,,,,,7,771,630,,,,,,
104,3519.5,,,,,,,,,,9,585,758,,,,,,,8,747,783,,,,,,,,,,,,,,,,7,769,623,,,,,,
105,3549.9,,,,,,,,,,9,584,751,,,,,,,8,746,776,,,,,,,,,,,,,,,,7,768,616,,,,,,
106,3582.7,,,,,,,,,,9,583,745,,,,,,,8,745,769,,,,,,,,,,,,,,,,7,766,609,,,,,,
107,3614.0,,,,,,,,,,9,582,738,,,,,,,8,744,762,,,,,,,,,,,,,,,,7,765,602,,,,,,
108,3649.8,,,,,,,,,,9,580,731,,,,,,,8,742,756,,,,,,,,,,,,,,,,7,763,595,,,,,,
109,3681.9,,,,,,,,,,9,579,725,,,,,,,8,741,748,,,,,,,,,,,,,,,,7,762,589,,,,,,
110,3714.0,,,,,,,,,,9,578,719,,,,,,,8,740,742,,,,,,,,,,,,,,,,7,760,582,,,,,,
111,3749.4,,,,,,,,,,9,577,713,,,,,,,9,739,735,,,,,,,,,,,,,,,,7,759,575,,,,,,
112,3782.4,,,,,,,,,,9,576,707,,,,,,,9,739,729,,,,,,,,,,,,,,,,7,757,569,,,,,,
113,3813.6,,,,,,,,,,9,575,701,,,,,,,8,737,722,,,,,,,,,,,,,,,,7,756,562,,,,,,
114,3849.6,,,,,,,,,,9,574,695,,,,,,,8,736,716,,,,,,,,,,,,,,,,7,755,556,,,,,,
115,3882.1,,,,,,,,,,9,573,688,,,,,,,9,735,710,,,,,,,,,,,,,,,,7,753,550,,,,,,
116,3916.7,,,,,,,,,,9,572,682,,,,,,,8,734,703,,,,,,,,,,,,,,,,7,752,543,,,,,,
117,3949.7,,,,,,,,,,8,571,676,,,,,,,9,733,697,,,,,,,,,,,,,,,,7,751,537,,,,,,
118,3981.9,,,,,,,,,,8,570,671,,,,,,,9,732,691,,,,,,,,,,,,,,,,7,750,531,,,,,,
119,4013.7,,,,,,,,,,9,569,665,,,,,,,9,731,685,,,,,,,,,,,,,,,,7,748,525,,,,,,
120,4049.5,,,,,,,,,,9,568,659,,,,,,,8,730,679,,,,,,,,,,,,,,,,7,747,519,,,,,,
121,4082.1,,,,,,,,,,8,567,653,,,,,,,9,729,673,,,,,,,,,,,,,,,,7,746,513,,,,,,
122,4113.9,,,,,,,,,,9,566,648,,,,,,,9,728,667,,,,,,,,,,,,,,,,7,745,506,,,,,,
123,4149.5,,,,,,,,,,9,565,642,,,,,,,9,727,661,,,,,,,,,,,,,,,,7,744,501,,,,,,
124,4183.1,,,,,,,,,,9,564,636,,,,,,,9,726,655,,,,,,,,,,,,,,,,7,743,495,,,,,,
125,4214.7,,,,,,,,,,9,564,631,,,,,,,9,726,649,,,,,,,,,,,,,,,,7,742,489,,,,,,
126,4250.0,,,,,,,,,,8,563,625,,,,,,,9,725,643,,,,,,,,,,,,,,,,7,741,483,,,,,,
127,4281.7,,,,,,,,,,9,562,620,,,,,,,9,724,637,,,,,,,,,,,,,,,,7,740,477,,,,,,
128,4313.8,,,,,,,,,,8,561,614,,,,,,,9,723,632,,,,,,,,,,,,,,,,7,739,471,,,,,,
129,4349.3,,,,,,,,,,9,560,609,,,,,,,9,722,626,,,,,,,,,,,,,,,,7,737,466,,,,,,
130,4381.4,,,,,,,,,,9,559,603,,,,,,,9,722,620,,,,,,,,,,,,,,,,7,736,460,,,,,,
131,4413.9,,,,,,,,,,8,558,598,,,,,,,9,721,614,,,,,,,,,,,,,,,,7,735,454,,,,,,
132,4449.6,,,,,,,,,,9,558,592,,,,,,,9,720,609,,,,,,,,,,,,,,,,7,734,449,,,,,,
133,4484.3,,,,,,,,,,8,557,587,,,,,,,9,719,603,,,,,,,,,,,,,,,,7,733,443,,,,,,
134,4514.1,,,,,,,,,,9,556,582,,,,,,,8,719,598,,,,,,,,,,,,,,,,7,732,437,,,,,,
135,4550.4,,,,,,,,,,9,556,576,,,,,,,9,718,592,,,,,,,,,,,,,,,,7,731,431,,,,,,
136,4585.3,,,,,,,,,,8,555,570,,,,,,,9,717,586,,,,,,,,,,,,,,,,7,731,425,,,,,,
137,4613.6,,,,,,,,,,9,554,566,,,,,,,8,716,580,,,,,,,,,,,,,,,,7,729,420,,,,,,
138,4649.4,,,,,,,,,,9,554,560,,,,,,,9,716,575,,,,,,,,,,,,,,,,7,729,414,,,,,,
139,4682.0,,,,,,,,,,9,553,555,,,,,,,8,715,569,,,,,,,,,,,,,,,,7,728,409,,,,,,
140,4716.4,,,,,,,,,,8,552,549,,,,,,,9,714,564,,,,,,,,,,,,,,,,7,727,403,,,,,,
141,4749.5,,,,,,,,,,9,551,544,,,,,,,8,714,558,,,,,,,,,,,,,,,,7,726,397,,,,,,
142,4781.7,,,,,,,,,,8,551,538,,,,,,,8,713,552,,,,,,,,,,,,,,,,7,725,391,,,,,,
143,4814.5,,,,,,,,,,9,550,533,,,,,,,8,713,547,,,,,,,,,,,,,,,,7,724,386,,,,,,
144,4850.0,,,,,,,,,,9,549,528,,,,,,,8,712,541,,,,,,,,,,,,,,,,7,723,380,,,,,,
145,4881.6,,,,,,,,,,8,549,522,,,,,,,9,711,535,,,,,,,,,,,,,,,,7,723,374,,,,,,
146,4915.1,,,,,,,,,,9,548,517,,,,,,,8,711,530,,,,,,,,,,,,,,,,7,722,369,,,,,,
147,4949.5,,,,,,,,,,9,547,511,,,,,,,8,710,524,,,,,,,,,,,,,,,,7,721,363,,,,,,
148,4981.8,,,,,,,,,,8,547,506,,,,,,,8,710,519,,,,,,,,,,,,,,,,7,720,357,,,,,,
149,5013.8,,,,,,,,,,9,546,501,,,,,,,9,709,513,,,,,,,,,,,,,,,,7,720,352,,,,,,
150,5049.4,,,,,,,,,,9,546,495,,,,,,,9,708,507,,,,,,,,,,,,,,,,7,718,346,,,,,,
151,5081.5,,,,,,,,,,9,545,490,,,,,,,9,708,501,,,,,,,,,,,,,,,,7,718,340,,,,,,
152,5113.9,,,,,,,,,,9,545,484,,,,,,,9,707,496,,,,,,,,,,,,,,,,7,717,334,,,,,,
153,5151.0,,,,,,,,,,9,544,478,,,,,,,9,707,490,,,,,,,,,,,,,,,,7,717,328,,,,,,
154,5181.9,,,,,,,,,,9,543,473,,,,,,,8,706,484,,,,,,,,,,,,,,,,7,716,322,,,,,,
155,5213.7,,,,,,,,,,9,542,467,,,,,,,9,705,478,,,,,,,,,,,,,,,,7,715,316,,,,,,
156,5249.5,,,,,,,,,,9,542,461,,,,,,,9,705,472,,,,,,,,,,,,,,,,7,714,310,,,,,,
157,5287.6,,,,,,,,,,9,541,456,,,,,,,9,704,466,,,,,,,,,,,,,,,,8,714,305,,,,,,
158,5316.5,,,,,,,,,,9,540,450,,,,,,,9,703,460,,,,,,,,,,,,,,,,7,713,299,,,,,,
159,5352.7,,,,,,,,,,8,540,444,,,,,,,8,703,454,,,,,,,,,,,,,,,,7,712,292,,,,,,
160,5387.0,,,,,,,,,,8,539,438,,,,,,,9,702,448,,,,,,,,,,,,,,,,7,711,286,,,,,,
161,5413.8,,,,,,,,,,9,538,432,,,,,,,8,701,442,,,,,,,,,,,,,,,,7,710,280,,,,,,
162,5449.8,,,,,,,,,,9,538,426,,,,,,,8,701,436,,,,,,,,,,,,,,,,7,709,273,,,,,,
163,5481.7,,,,,,,,,,9,537,420,,,,,,,8,700,430,,,,,,,,,,,,,,,,7,709,267,,,,,,
164,5513.9,,,,,,,,,,8,537,414,,,,,,,9,700,423,,,,,,,,,,,,,,,,7,708,261,,,,,,
165,5549.8,,,,,,,,,,9,536,408,,,,,,,8,699,417,,,,,,,,,,,,,,,,7,707,255,,,,,,
166,5581.8,,,,,,,,,,9,536,402,,,,,,,8,698,411,,,,,,,,,,,,,,,,7,706,248,,,,,,
167,5614.3,,,,,,,,,,9,535,396,,,,,,,8,698,404,,,,,,,,,,,,,,,,7,705,242,,,,,,
168,5649.7,,,,,,,,,,9,535,389,,,,,,,9,697,398,,,,,,,,,,,,,,,,7,704,235,,,,,,
169,5681.8,,,,,,,,,,9,534,384,,,,,,,8,697,392,,,,,,,,,,,,,,,,7,704,229,,,,,,
170,5713.9,,,,,,,,,,9,533,377,,,,,,,9,696,385,,,,,,,,,,,,,,,,7,703,222,,,,,,
171,5750.0,,,,,,,,,,9,533,370,,,,,,,9,696,378,,,,,,,,,,,,,,,,7,703,215,,,,,,
172,5782.0,,,,,,,,,,9,532,364,,,,,,,9,695,372,,,,,,,,,,,,,,,,7,702,208,,,,,,
173,5814.6,,,,,,,,,,9,531,357,,,,,,,9,695,365,,,,,,,,,,,,,,,,7,701,201,,,,,,
174,5849.7,,,,,,,,,,9,531,350,,,,,,,9,694,358,,,,,,,,,,,,,,,,7,700,194,,,,,,
175,5881.7,,,,,,,,,,9,529,344,,,,,,,9,694,351,,,,,,,,,,,,,,,,8,699,187,,,,,,
176,5914.8,,,,,,,,,,9,529,336,,,,,,,9,693,344,,,,,,,,,,,,,,,,7,699,180,,,,,,
177,5949.6,,,,,,,,,,9,529,330,,,,,,,9,692,337,,,,,,,,,,,,,,,,7,698,173,,,,,,
178,5982.0,,,,,,,,,,9,528,322,,,,,,,9,691,329,,,,,,,,,,,,,,,,8,697,166,,,,,,
179,6018.2,,,,,,,,,,9,527,315,,,,,,,9,691,322,,,,,,,,,,,,,,,,7,696,158,,,,,,
180,6049.9,,,,,,,,,,9,526,308,,,,,,,9,690,315,,,,,,,,,,,,,,,,7,695,151,,,,,,
181,6084.6,,,,,,,,,,9,526,300,,,,,,,9,689,307,,,,,,,,,,,,,,,,7,694,143,,,,,,
182,6120.7,,,,,,,,,,9,525,293,,,,,,,9,689,300,,,,,,,,,,,,,,,,7,693,135,,,,,,
183,6152.6,,,,,,,,,,9,524,286,,,,,,,8,688,292,,,,,,,,,,,,,,,,8,693,128,,,,,,
184,6181.6,,,,,,,,,,9,523,278,,,,,,,9,687,284,,,,,,,,,,,,,,,,7,692,120,,,,,,
185,6213.5,,,,,,,,,,9,523,270,,,,,,,9,687,276,,,,,,,,,,,,,,,,8,691,112,,,,,,
186,6249.8,,,,,,,,,,9,522,262,,,,,,,9,686,268,,,,,,,,,,,,,,,,7,690,104,,,,,,
187,6282.5,,,,,,,,,,9,522,255,,,,,,,9,686,260,,,,,,,,,,,,,,,,7,690,96,,,,,,
188,6313.8,,,,,,,,,,8,521,247,,,,,,,9,685,252,,,,,,,,,,,,,,,,7,689,88,,,,,,
189,6349.7,,,,,,,,,,9,520,238,,,,,,,9,684,244,,,,,,,,,,,,,,,,7,688,79,,,,,,
190,6381.6,,,,,,,,,,9,519,230,,,,,,,9,683,235,,,,,,,,,,,,,,,,7,687,71,,,,,,
191,6415.1,,,,,,,,,,9,519,221,,,,,,,9,683,227,,,,,,,,,,,,,,,,7,686,62,,,,,,
192,6449.4,,,,,,,,,,9,518,213,,,,,,,9,682,218,,,,,,,,,,,,,,,,7,686,54,,,,,,
193,6481.7,,,,,,,,,,9,517,204,,,,,,,9,682,209,,,,,,,,,,,,,,,,7,685,45,,,,,,
194,6514.1,,,,,,,,,,9,516,195,,,,,,,9,681,200,,,,,,,,,,,,,,,,7,684,36,,,,,,
195,6549.7,,,,,,,,,,9,517,190,,,,,,,9,682,192,,,,,,,,,,,,,,,,7,683,27,,,,,,
196,6581.9,,,,,,,,,,9,518,190,,,,,,,9,682,196,,,,,,,,,,,,,,,,8,685,30,,,,,,
197,6613.9,,,,,,,,,,9,518,191,,,,,,,9,683,199,,,,,,,,,,,,,,,,7,688,33,,,,,,
198,6650.3,,,,,,,,,,9,519,192,,,,,,,9,683,203,,,,,,,,,,,,,,,,7,691,37,,,,,,
199,6681.6,,,,,,,,,,9,519,193,,,,,,,9,683,206,,,,,,,,,,,,,,,,7,694,40,,,,,,
200,6713.8,,,,,,,,,,9,520,193,,,,,,,9,684,209,,,,,,,,,,,,,,,,7,697,43,,,,,,
201,6781.4,,,,,,,,,,9,521,194,,,,,,,9,684,215,,,,,,,,,,,,,,,,7,703,50,,,,,,
202,6813.9,,,,,,,,,,9,522,193,,,,,,,9,685,217,,,,,,,,,,,,,,,,7,705,53,,,,,,
203,6849.8,,,,,,,,,,9,522,193,,,,,,,9,685,220,,,,,,,,,,,,,,,,7,708,56,,,,,,
204,6881.7,,,,,,,,,,9,523,193,,,,,,,9,685,222,,,,,,,,,,,,,,,,7,711,59,,,,,,
205,6914.2,,,,,,,,,,9,524,193,,,,,,,9,685,224,,,,,,,,,,,,,,,,7,714,61,,,,,,
206,6949.7,,,,,,,,,,9,525,192,,,,,,,9,686,226,,,,,,,,,,,,,,,,7,717,64,,,,,,
207,6982.1,,,,,,,,,,9,525,192,,,,,,,9,686,228,,,,,,,,,,,,,,,,7,720,66,,,,,,
208,7014.8,,,,,,,,,,9,526,191,,,,,,,9,686,231,,,,,,,,,,,,,,,,8,723,69,,,,,,
209,7049.7,,,,,,,,,,9,527,190,,,,,,,9,686,232,,,,,,,,,,,,,,,,8,725,71,,,,,,
210,7081.8,,,,,,,,,,9,528,189,,,,,,,9,686,233,,,,,,,,,,,,,,,,7,728,73,,,,,,
211,7114.3,,,,,,,,,,9,529,188,,,,,,,9,687,235,,,,,,,,,,,,,,,,7,730,75,,,,,,
212,7149.6,,,,,,,,,,9,530,186,,,,,,,9,687,236,,,,,,,,,,,,,,,,8,733,77,,,,,,
213,7181.8,,,,,,,,,,9,530,186,,,,,,,9,687,237,,,,,,,,,,,,,,,,8,735,79,,,,,,
214,7214.0,,,,,,,,,,9,532,186,,,,,,,9,688,238,,,,,,,,,,,,,,,,7,737,80,,,,,,
215,7250.8,,,,,,,,,,9,533,186,,,,,,,9,690,239,,,,,,,,,,,,,,,,7,739,81,,,,,,
216,7284.4,,,,,,,,,,9,535,187,,,,,,,9,690,240,,,,,,,,,,,,,,,,7,741,82,,,,,,
217,7320.2,,,,,,,,,,9,536,186,,,,,,,9,691,241,,,,,,,,,,,,,,,,7,742,83,,,,,,
218,7349.7,,,,,,,,,,9,537,186,,,,,,,9,692,241,,,,,,,,,,,,,,,,7,745,85,,,,,,
219,7382.1,,,,,,,,,,9,539,186,,,,,,,9,694,242,,,,,,,,,,,,,,,,7,746,86,,,,,,
220,7414.2,,,,,,,,,,9,540,185,,,,,,,9,695,242,,,,,,,,,,,,,,,,8,748,86,,,,,,
221,7449.9,,,,,,,,,,9,541,185,,,,,,,9,696,242,,,,,,,,,,,,,,,,7,750,86,,,,,,
222,7481.9,,,,,,,,,,9,543,184,,,,,,,8,697,243,,,,,,,,,,,,,,,,7,752,87,,,,,,
223,7513.7,,,,,,,,,,9,544,184,,,,,,,9,698,242,,,,,,,,,,,,,,,,7,753,87,,,,,,
224,7554.6,,,,,,,,,,9,545,185,,,,,,,8,700,243,,,,,,,,,,,,,,,,8,755,87,,,,,,
225,7592.2,,,,,,,,,,9,547,185,,,,,,,9,702,243,,,,,,,,,,,,,,,,7,756,87,,,,,,
226,7615.0,,,,,,,,,,9,549,185,,,,,,,9,703,243,,,,,,,,,,,,,,,,7,758,86,,,,,,
227,7654.0,,,,,,,,,,9,550,185,,,,,,,9,705,242,,,,,,,,,,,,,,,,7,759,86,,,,,,
228,7682.0,,,,,,,,,,9,552,185,,,,,,,9,707,241,,,,,,,,,,,,,,,,7,760,86,,,,,,
229,7724.7,,,,,,,,,,9,554,185,,,,,,,9,709,241,,,,,,,,,,,,,,,,7,761,85,,,,,,
230,7756.6,,,,,,,,,,9,555,185,,,,,,,8,711,241,,,,,,,,,,,,,,,,8,763,84,,,,,,
231,7781.8,,,,,,,,,,9,557,185,,,,,,,9,712,240,,,,,,,,,,,,,,,,7,764,83,,,,,,
232,7814.7,,,,,,,,,,9,559,186,,,,,,,9,715,239,,,,,,,,,,,,,,,,7,765,82,,,,,,
233,7853.5,,,,,,,,,,9,561,186,,,,,,,9,717,238,,,,,,,,,,,,,,,,7,766,80,,,,,,
234,7881.7,,,,,,,,,,9,562,187,,,,,,,9,719,237,,,,,,,,,,,,,,,,7,766,79,,,,,,
235,7914.6,,,,,,,,,,9,564,187,,,,,,,9,722,236,,,,,,,,,,,,,,,,7,767,77,,,,,,
236,7949.8,,,,,,,,,,9,566,187,,,,,,,9,724,234,,,,,,,,,,,,,,,,7,768,76,,,,,,
237,7981.6,,,,,,,,,,9,568,187,,,,,,,9,726,233,,,,,,,,,,,,,,,,7,769,74,,,,,,
238,8014.1,,,,,,,,,,9,570,188,,,,,,,9,729,231,,,,,,,,,,,,,,,,7,770,72,,,,,,
239,8049.7,,,,,,,,,,9,572,188,,,,,,,8,732,230,,,,,,,,,,,,,,,,7,770,70,,,,,,
240,8081.8,,,,,,,,,,9,574,188,,,,,,,9,734,228,,,,,,,,,,,,,,,,7,771,68,,,,,,
241,8114.0,,,,,,,,,,9,577,189,,,,,,,9,737,226,,,,,,,,,,,,,,,,7,772,66,,,,,,
242,8149.8,,,,,,,,,,9,579,189,,,,,,,9,740,224,,,,,,,,,,,,,,,,7,772,63,,,,,,
243,8186.6,,,,,,,,,,9,581,190,,,,,,,9,742,222,,,,,,,,,,,,,,,,7,773,61,,,,,,
244,8216.2,,,,,,,,,,9,583,190,,,,,,,9,745,220,,,,,,,,,,,,,,,,7,773,58,,,,,,
245,8249.7,,,,,,,,,,9,586,190,,,,,,,9,748,218,,,,,,,,,,,,,,,,7,774,56,,,,,,
246,8281.8,,,,,,,,,,9,589,190,,,,,,,9,751,216,,,,,,,,,,,,,,,,8,775,53,,,,,,
247,8319.8,,,,,,,,,,9,591,190,,,,,,,9,754,214,,,,,,,,,,,,,,,,8,775,50,,,,,,
248,8349.7,,,,,,,,,,9,594,190,,,,,,,9,757,211,,,,,,,,,,,,,,,,7,776,48,,,,,,
249,8381.7,,,,,,,,,,9,597,191,,,,,,,9,760,209,,,,,,,,,,,,,,,,7,776,45,,,,,,
250,8413.7,,,,,,,,,,9,599,191,,,,,,,9,764,206,,,,,,,,,,,,,,,,7,777,42,,,,,,
251,8449.4,,,,,,,,,,9,603,191,,,,,,,9,767,203,,,,,,,,,,,,,,,,7,777,39,,,,,,
252,8482.5,,,,,,,,,,9,606,190,,,,,,,9,770,200,,,,,,,,,,,,,,,,7,778,36,,,,,,
253,8513.9,,,,,,,,,,9,609,190,,,,,,,9,773,197,,,,,,,,,,,,,,,,7,778,33,,,,,,
254,8549.5,,,,,,,,,,9,612,190,,,,,,,9,776,194,,,,,,,,,,,,,,,,7,778,30,,,,,,
255,8582.7,,,,,,,,,,9,613,190,,,,,,,8,778,194,,,,,,,,,,,,,,,,7,780,29,,,,,,
256,8614.1,,,,,,,,,,9,614,190,,,,,,,9,779,195,,,,,,,,,,,,,,,,7,781,30,,,,,,
257,8649.7,,,,,,,,,,9,615,191,,,,,,,9,779,196,,,,,,,,,,,,,,,,7,783,31,,,,,,
258,8681.7,,,,,,,,,,9,616,191,,,,,,,9,780,197,,,,,,,,,,,,,,,,8,785,33,,,,,,
259,8713.7,,,,,,,,,,9,617,191,,,,,,,9,781,199,,,,,,,,,,,,,,,,7,786,34,,,,,,
260,8749.8,,,,,,,,,,9,617,191,,,,,,,9,782,199,,,,,,,,,,,,,,,,7,788,34,,,,,,
261,8781.9,,,,,,,,,,9,618,191,,,,,,,9,782,200,,,,,,,,,,,,,,,,7,789,35,,,,,,
262,8815.1,,,,,,,,,,9,619,191,,,,,,,9,783,200,,,,,,,,,,,,,,,,7,791,36,,,,,,
263,8849.7,,,,,,,,,,9,620,191,,,,,,,9,784,201,,,,,,,,,,,,,,,,7,792,37,,,,,,
264,8881.7,,,,,,,,,,9,621,191,,,,,,,9,785,201,,,,,,,,,,,,,,,,7,794,37,,,,,,
265,8913.9,,,,,,,,,,9,622,191,,,,,,,9,786,202,,,,,,,,,,,,,,,,7,795,38,,,,,,
266,8949.8,,,,,,,,,,9,623,191,,,,,,,9,787,202,,,,,,,,,,,,,,,,7,796,37,,,,,,
267,8981.9,,,,,,,,,,9,624,191,,,,,,,9,788,202,,,,,,,,,,,,,,,,7,798,37,,,,,,
268,9014.0,,,,,,,,,,9,626,191,,,,,,,9,790,201,,,,,,,,,,,,,,,,7,799,38,,,,,,
269,9049.9,,,,,,,,,,9,627,191,,,,,,,9,791,201,,,,,,,,,,,,,,,,7,800,37,,,,,,
270,9081.6,,,,,,,,,,9,628,191,,,,,,,9,792,201,,,,,,,,,,,,,,,,8,801,37,,,,,,
271,9115.0,,,,,,,,,,9,629,190,,,,,,,9,794,200,,,,,,,,,,,,,,,,7,802,36,,,,,,
272,9149.7,,,,,,,,,,9,631,191,,,,,,,9,795,200,,,,,,,,,,,,,,,,7,803,36,,,,,,
273,9181.8,,,,,,,,,,9,633,191,,,,,,,9,797,199,,,,,,,,,,,,,,,,7,803,35,,,,,,
274,9213.7,,,,,,,,,,9,634,191,,,,,,,9,798,198,,,,,,,,,,,,,,,,8,804,34,,,,,,
275,9249.4,,,,,,,,,,9,635,191,,,,,,,9,800,197,,,,,,,,,,,,,,,,7,805,33,,,,,,
276,9281.9,,,,,,,,,,9,637,190,,,,,,,9,802,196,,,,,,,,,,,,,,,,8,806,32,,,,,,
277,9314.2,,,,,,,,,,9,639,191,,,,,,,9,804,195,,,,,,,,,,,,,,,,7,806,31,,,,,,
278,9349.9,,,,,,,,,,9,640,190,,,,,,,9,805,193,,,,,,,,,,,,,,,,7,807,29,,,,,,
279,9384.6,,,,,,,,,,9,642,191,,,,,,,9,806,194,,,,,,,,,,,,,,,,7,808,29,,,,,,
280,9414.3,,,,,,,,,,9,642,191,,,,,,,9,807,194,,,,,,,,,,,,,,,,8,809,30,,,,,,
281,9450.3,,,,,,,,,,9,643,191,,,,,,,9,807,195,,,,,,,,,,,,,,,,7,810,31,,,,,,
282,9484.3,,,,,,,,,,9,643,191,,,,,,,9,808,196,,,,,,,,,,,,,,,,7,810,32,,,,,,
283,9514.0,,,,,,,,,,9,644,191,,,,,,,9,808,196,,,,,,,,,,,,,,,,7,812,32,,,,,,
284,9551.0,,,,,,,,,,9,644,191,,,,,,,9,809,197,,,,,,,,,,,,,,,,7,813,32,,,,,,
285,9584.7,,,,,,,,,,9,645,191,,,,,,,9,809,197,,,,,,,,,,,,,,,,7,814,33,,,,,,
286,9613.7,,,,,,,,,,9,645,191,,,,,,,9,809,197,,,,,,,,,,,,,,,,8,814,33,,,,,,
287,9649.6,,,,,,,,,,9,645,191,,,,,,,9,809,197,,,,,,,,,,,,,,,,7,814,33,,,,,,
288,9682.7,,,,,,,,,,9,645,192,,,,,,,9,809,198,,,,,,,,,,,,,,,,7,814,33,,,,,,
289,9714.0,,,,,,,,,,9,645,194,,,,,,,9,810,199,,,,,,,,,,,,,,,,7,814,35,,,,,,
290,9749.6,,,,,,,,,,9,645,195,,,,,,,9,809,200,,,,,,,,,,,,,,,,7,814,36,,,,,,
291,9781.8,,,,,,,,,,9,645,196,,,,,,,9,810,203,,,,,,,,,,,,,,,,7,814,38,,,,,,
292,9813.8,,,,,,,,,,9,646,200,,,,,,,9,810,206,,,,,,,,,,,,,,,,7,814,41,,,,,,
293,9913.4,,,,,,,,,,9,646,210,,,,,,,9,811,215,,,,,,,,,,,,,,,,7,814,49,,,,,,
294,9950.2,,,,,,,,,,9,647,216,,,,,,,9,811,219,,,,,,,,,,,,,,,,7,814,53,,,,,,
295,9981.8,,,,,,,,,,9,647,222,,,,,,,9,812,223,,,,,,,,,,,,,,,,7,813,58,,,,,,
296,10016.7,,,,,,,,,,9,648,226,,,,,,,9,812,228,,,,,,,,,,,,,,,,8,813,62,,,,,,
297,10049.7,,,,,,,,,,9,649,233,,,,,,,9,813,232,,,,,,,,,,,,,,,,7,812,67,,,,,,
298,10081.7,,,,,,,,,,9,651,242,,,,,,,9,816,238,,,,,,,,,,,,,,,,7,811,72,,,,,,
299,10113.7,,,,,,,,,,9,655,251,,,,,,,9,819,243,,,,,,,,,,,,,,,,8,810,77,,,,,,
300,10149.7,,,,,,,,,,9,657,260,,,,,,,9,821,250,,,,,,,,,,,,,,,,7,810,84,,,,,,
301,10182.1,,,,,,,,,,9,658,268,,,,,,,9,822,256,,,,,,,,,,,,,,,,7,810,90,,,,,,
302,10213.7,,,,,,,,,,9,660,277,,,,,,,9,823,263,,,,,,,,,,,,,,,,7,810,98,,,,,,
303,10249.5,,,,,,,,,,9,662,287,,,,,,,9,826,271,,,,,,,,,,,,,,,,7,810,106,,,,,,
304,10281.8,,,,,,,,,,9,666,298,,,,,,,9,829,279,,,,,,,,,,,,,,,,7,810,114,,,,,,
305,10314.2,,,,,,,,,,9,670,310,,,,,,,9,833,287,,,,,,,,,,,,,,,,7,810,122,,,,,,
306,10349.6,,,,,,,,,,9,675,322,,,,,,,9,838,295,,,,,,,,,,,,,,,,7,811,131,,,,,,
307,10381.7,,,,,,,,,,9,682,335,,,,,,,9,843,303,,,,,,,,,,,,,,,,7,811,141,,,,,,
308,10414.0,,,,,,,,,,9,686,349,,,,,,,8,847,314,,,,,,,,,,,,,,,,7,812,151,,,,,,
309,10449.8,,,,,,,,,,8,693,364,,,,,,,9,852,323,,,,,,,,,,,,,,,,7,812,163,,,,,,
310,10481.8,,,,,,,,,,9,702,379,,,,,,,9,859,332,,,,,,,,,,,,,,,,7,813,174,,,,,,
311,10514.4,,,,,,,,,,8,712,395,,,,,,,9,867,340,,,,,,,,,,,,,,,,7,814,185,,,,,,
312,10549.5,,,,,,,,,,9,722,410,,,,,,,8,875,348,,,,,,,,,,,,,,,,7,814,195,,,,,,
313,10583.7,,,,,,,,,,9,732,425,,,,,,,9,882,356,,,,,,,,,,,,,,,,7,814,207,,,,,,
314,10614.0,,,,,,,,,,9,742,440,,,,,,,9,889,364,,,,,,,,,,,,,,,,7,814,218,,,,,,
315,10649.7,,,,,,,,,,8,753,454,,,,,,,9,896,371,,,,,,,,,,,,,,,,7,814,229,,,,,,
316,10681.9,,,,,,,,,,9,764,468,,,,,,,9,903,379,,,,,,,,,,,,,,,,7,815,242,,,,,,
317,10713.8,,,,,,,,,,8,774,482,,,,,,,9,909,387,,,,,,,,,,,,,,,,7,814,253,,,,,,
318,10749.7,,,,,,,,,,9,785,496,,,,,,,9,915,394,,,,,,,,,,,,,,,,7,814,266,,,,,,
319,10781.7,,,,,,,,,,9,796,509,,,,,,,9,921,401,,,,,,,,,,,,,,,,7,815,278,,,,,,
320,10813.7,,,,,,,,,,8,807,523,,,,,,,9,927,409,,,,,,,,,,,,,,,,7,815,291,,,,,,
321,10852.0,,,,,,,,,,8,818,535,,,,,,,9,932,416,,,,,,,,,,,,,,,,7,815,303,,,,,,
322,10882.5,,,,,,,,,,9,830,548,,,,,,,9,938,424,,,,,,,,,,,,,,,,7,815,316,,,,,,
323,10915.7,,,,,,,,,,9,841,560,,,,,,,9,944,431,,,,,,,,,,,,,,,,7,815,330,,,,,,
324,10949.8,,,,,,,,,,9,852,572,,,,,,,9,948,438,,,,,,,,,,,,,,,,7,816,344,,,,,,
325,10981.7,,,,,,,,,,9,863,584,,,,,,,9,953,446,,,,,,,,,,,,,,,,7,816,357,,,,,,
326,11014.1,,,,,,,,,,9,874,596,,,,,,,9,958,453,,,,,,,,,,,,,,,,7,817,372,,,,,,
327,11049.6,,,,,,,,,,9,886,607,,,,,,,9,962,461,,,,,,,,,,,,,,,,7,817,386,,,,,,
328,11082.2,,,,,,,,,,9,897,618,,,,,,,9,967,468,,,,,,,,,,,,,,,,7,818,400,,,,,,
329,11113.8,,,,,,,,,,9,908,629,,,,,,,9,971,477,,,,,,,,,,,,,,,,7,819,415,,,,,,
330,11149.9,,,,,,,,,,9,919,640,,,,,,,9,975,485,,,,,,,,,,,,,,,,7,821,430,,,,,,
331,11182.0,,,,,,,,,,9,931,651,,,,,,,8,978,492,,,,,,,,,,,,,,,,7,822,446,,,,,,
332,11213.6,,,,,,,,,,9,942,661,,,,,,,8,982,501,,,,,,,,,,,,,,,,7,824,461,,,,,,
333,11249.8,,,,,,,,,,9,953,671,,,,,,,8,986,509,,,,,,,,,,,,,,,,7,825,477,,,,,,
334,11281.9,,,,,,,,,,9,964,681,,,,,,,9,989,518,,,,,,,,,,,,,,,,7,827,493,,,,,,
335,11318.5,,,,,,,,,,9,975,691,,,,,,,9,992,526,,,,,,,,,,,,,,,,7,830,509,,,,,,
336,11349.5,,,,,,,,,,9,986,700,,,,,,,9,996,535,,,,,,,,,,,,,,,,7,832,525,,,,,,
337,11382.1,,,,,,,,,,9,996,710,,,,,,,8,999,545,,,,,,,,,,,,,,,,7,835,542,,,,,,
338,11416.7,,,,,,,,,,9,1007,719,,,,,,,8,1001,554,,,,,,,,,,,,,,,,7,838,559,,,,,,
339,11449.8,,,,,,,,,,9,1016,722,,,,,,,9,996,558,,,,,,,,,,,,,,,,7,834,580,,,,,,
340,11483.9,,,,,,,,,,9,1024,719,,,,,,,9,981,561,,,,,,,,,,,,,,,,6,823,605,,,,,,
341,11516.7,,,,,,,,,,9,1030,715,,,,,,,8,964,565,,,,,,,,,,,,,,,,7,814,632,,,,,,
342,11549.5,,,,,,,,,,9,1033,710,,,,,,,8,946,571,,,,,,,,,,,,,,,,6,808,660,,,,,,
343,11581.8,,,,,,,,,,9,1035,704,,,,,,,8,928,579,,,,,,,,,,,,,,,,7,804,689,,,,,,
344,11613.6,,,,,,,,,,9,1034,699,,,,,,,8,909,591,,,,,,,,,,,,,,,,7,804,718,,,,,,
345,11652.6,,,,,,,,,,9,1030,693,,,,,,,8,890,605,,,,,,,,,,,,,,,,7,805,747,,,,,,
346,11682.1,,,,,,,,,,9,1023,689,,,,,,,8,872,622,,,,,,,,,,,,,,,,7,810,775,,,,,,
347,11715.9,,,,,,,,,,9,1015,684,,,,,,,8,856,641,,,,,,,,,,,,,,,,7,817,802,,,,,,
348,11749.5,,,,,,,,,,9,1005,682,,,,,,,8,840,662,,,,,,,,,,,,,,,,7,826,828,,,,,,
349,11781.7,,,,,,,,,,9,992,681,,,,,,,8,827,686,,,,,,,,,,,,,,,,7,837,853,,,,,,
350,11813.7,,,,,,,,,,9,978,682,,,,,,,8,815,712,,,,,,,,,,,,,,,,7,851,876,,,,,,
351,11849.6,,,,,,,,,,9,963,685,,,,,,,7,806,739,,,,,,,,,,,,,,,,7,866,896,,,,,,
352,11881.8,,,,,,,,,,9,946,691,,,,,,,7,799,768,,,,,,,,,,,,,,,,7,880,914,,,,,,
353,11914.1,,,,,,,,,,9,929,699,,,,,,,7,795,798,,,,,,,,,,,,,,,,7,896,930,,,,,,
354,11949.5,,,,,,,,,,9,910,710,,,,,,,7,793,828,,,,,,,,,,,,,,,,7,913,943,,,,,,
355,11981.7,,,,,,,,,,9,893,723,,,,,,,7,794,858,,,,,,,,,,,,,,,,7,929,954,,,,,,
356,12013.8,,,,,,,,,,9,876,739,,,,,,,7,799,888,,,,,,,,,,,,,,,,7,944,962,,,,,,
357,12049.9,,,,,,,,,,9,859,758,,,,,,,7,805,917,,,,,,,,,,,,,,,,7,959,968,,,,,,
358,12081.8,,,,,,,,,,9,843,779,,,,,,,7,813,945,,,,,,,,,,,,,,,,7,973,971,,,,,,
359,12113.6,,,,,,,,,,9,830,803,,,,,,,7,825,973,,,,,,,,,,,,,,,,7,986,974,,,,,,
360,12149.9,,,,,,,,,,9,817,828,,,,,,,8,835,996,,,,,,,,,,,,,,,,7,996,974,,,,,,
361,12181.7,,,,,,,,,,9,820,822,,,,,,,7,826,987,,,,,,,,,,,,,,,,7,987,979,,,,,,
362,12214.4,,,,,,,,,,9,825,813,,,,,,,7,816,978,,,,,,,,,,,,,,,,7,977,985,,,,,,
363,12249.8,,,,,,,,,,9,830,804,,,,,,,7,807,968,,,,,,,,,,,,,,,,7,968,990,,,,,,
364,12281.8,,,,,,,,,,9,836,796,,,,,,,7,800,958,,,,,,,,,,,,,,,,7,958,992,,,,,,
365,12313.9,,,,,,,,,,9,838,790,,,,,,,8,797,950,,,,,,,,,,,,,,,,7,955,988,,,,,,
366,12350.5,,,,,,,,,,9,839,783,,,,,,,8,795,943,,,,,,,,,,,,,,,,7,951,985,,,,,,
367,12381.6,,,,,,,,,,9,840,777,,,,,,,8,792,935,,,,,,,,,,,,,,,,7,947,981,,,,,,
368,12413.6,,,,,,,,,,9,842,770,,,,,,,8,789,927,,,,,,,,,,,,,,,,7,944,977,,,,,,
369,12449.4,,,,,,,,,,9,843,764,,,,,,,8,787,919,,,,,,,,,,,,,,,,7,940,974,,,,,,
370,12481.7,,,,,,,,,,9,845,758,,,,,,,8,785,912,,,,,,,,,,,,,,,,7,937,970,,,,,,
371,12514.0,,,,,,,,,,9,847,753,,,,,,,8,783,905,,,,,,,,,,,,,,,,8,934,967,,,,,,
372,12549.7,,,,,,,,,,9,849,747,,,,,,,8,781,897,,,,,,,,,,,,,,,,7,930,963,,,,,,
373,12581.9,,,,,,,,,,9,851,742,,,,,,,8,779,890,,,,,,,,,,,,,,,,7,927,960,,,,,,
374,12613.8,,,,,,,,,,9,852,736,,,,,,,8,778,883,,,,,,,,,,,,,,,,7,924,956,,,,,,
375,12649.5,,,,,,,,,,9,855,731,,,,,,,8,776,875,,,,,,,,,,,,,,,,7,920,953,,,,,,
376,12690.8,,,,,,,,,,9,857,727,,,,,,,8,775,869,,,,,,,,,,,,,,,,7,917,950,,,,,,
377,12713.9,,,,,,,,,,9,859,722,,,,,,,8,774,862,,,,,,,,,,,,,,,,7,914,946,,,,,,
378,12749.7,,,,,,,,,,9,861,717,,,,,,,8,772,855,,,,,,,,,,,,,,,,7,911,943,,,,,,
379,12781.7,,,,,,,,,,9,864,713,,,,,,,8,771,848,,,,,,,,,,,,,,,,8,908,939,,,,,,
380,12816.6,,,,,,,,,,9,866,708,,,,,,,8,771,841,,,,,,,,,,,,,,,,8,904,936,,,,,,
381,12849.8,,,,,,,,,,9,869,704,,,,,,,8,770,835,,,,,,,,,,,,,,,,7,901,933,,,,,,
382,12881.9,,,,,,,,,,9,871,700,,,,,,,8,769,828,,,,,,,,,,,,,,,,8,899,930,,,,,,
383,12913.8,,,,,,,,,,9,874,696,,,,,,,8,769,822,,,,,,,,,,,,,,,,7,896,926,,,,,,
384,12956.0,,,,,,,,,,9,876,693,,,,,,,8,768,816,,,,,,,,,,,,,,,,8,893,923,,,,,,
385,12981.7,,,,,,,,,,9,879,689,,,,,,,8,768,809,,,,,,,,,,,,,,,,7,890,920,,,,,,
386,13013.7,,,,,,,,,,9,882,686,,,,,,,8,768,803,,,,,,,,,,,,,,,,7,887,917,,,,,,
387,13049.6,,,,,,,,,,9,885,683,,,,,,,8,768,797,,,,,,,,,,,,,,,,7,885,914,,,,,,
388,13084.6,,,,,,,,,,9,888,680,,,,,,,8,768,791,,,,,,,,,,,,,,,,8,882,911,,,,,,
389,13113.8,,,,,,,,,,9,891,677,,,,,,,8,769,786,,,,,,,,,,,,,,,,8,879,907,,,,,,
390,13149.6,,,,,,,,,,9,894,674,,,,,,,8,769,780,,,,,,,,,,,,,,,,8,877,904,,,,,,
391,13182.1,,,,,,,,,,9,897,672,,,,,,,8,770,774,,,,,,,,,,,,,,,,7,875,901,,,,,,
392,13214.5,,,,,,,,,,9,901,670,,,,,,,8,770,769,,,,,,,,,,,,,,,,8,872,898,,,,,,
393,13249.8,,,,,,,,,,9,904,667,,,,,,,8,771,764,,,,,,,,,,,,,,,,8,870,895,,,,,,
394,13281.6,,,,,,,,,,9,907,666,,,,,,,8,772,758,,,,,,,,,,,,,,,,8,868,892,,,,,,
395,13314.4,,,,,,,,,,9,911,664,,,,,,,8,773,753,,,,,,,,,,,,,,,,7,866,889,,,,,,
396,13349.7,,,,,,,,,,9,913,661,,,,,,,8,774,748,,,,,,,,,,,,,,,,8,865,886,,,,,,
397,13381.7,,,,,,,,,,9,910,657,,,,,,,8,770,743,,,,,,,,,,,,,,,,7,859,881,,,,,,
398,13414.5,,,,,,,,,,9,901,651,,,,,,,8,761,737,,,,,,,,,,,,,,,,7,849,875,,,,,,
399,13450.3,,,,,,,,,,9,890,645,,,,,,,8,749,731,,,,,,,,,,,,,,,,7,837,869,,,,,,
400,13482.5,,,,,,,,,,9,880,640,,,,,,,8,738,723,,,,,,,,,,,,,,,,7,822,863,,,,,,
401,13514.2,,,,,,,,,,9,869,635,,,,,,,8,726,716,,,,,,,,,,,,,,,,7,808,857,,,,,,
402,13549.8,,,,,,,,,,9,859,631,,,,,,,8,714,708,,,,,,,,,,,,,,,,7,794,851,,,,,,
403,13581.8,,,,,,,,,,9,849,626,,,,,,,7,703,701,,,,,,,,,,,,,,,,7,780,845,,,,,,
404,13613.7,,,,,,,,,,9,839,622,,,,,,,8,692,694,,,,,,,,,,,,,,,,7,766,840,,,,,,
405,13652.6,,,,,,,,,,9,829,617,,,,,,,8,680,687,,,,,,,,,,,,,,,,7,752,833,,,,,,
406,13682.0,,,,,,,,,,9,819,612,,,,,,,8,669,680,,,,,,,,,,,,,,,,7,738,827,,,,,,
407,13713.7,,,,,,,,,,9,809,609,,,,,,,8,658,673,,,,,,,,,,,,,,,,7,724,822,,,,,,
408,13749.7,,,,,,,,,,9,799,604,,,,,,,8,647,666,,,,,,,,,,,,,,,,7,711,816,,,,,,
409,13781.7,,,,,,,,,,9,789,601,,,,,,,8,636,659,,,,,,,,,,,,,,,,7,697,810,,,,,,
410,13816.8,,,,,,,,,,9,780,597,,,,,,,8,626,653,,,,,,,,,,,,,,,,7,683,805,,,,,,
411,13850.9,,,,,,,,,,9,769,594,,,,,,,8,614,647,,,,,,,,,,,,,,,,7,670,800,,,,,,
412,13881.9,,,,,,,,,,9,760,590,,,,,,,8,605,641,,,,,,,,,,,,,,,,7,656,795,,,,,,
413,13916.6,,,,,,,,,,9,750,586,,,,,,,8,594,634,,,,,,,,,,,,,,,,7,643,789,,,,,,
414,13952.8,,,,,,,,,,9,740,583,,,,,,,8,583,628,,,,,,,,,,,,,,,,7,630,784,,,,,,
415,13982.7,,,,,,,,,,9,730,580,,,,,,,8,573,622,,,,,,,,,,,,,,,,7,616,778,,,,,,
416,14014.0,,,,,,,,,,9,721,577,,,,,,,8,563,617,,,,,,,,,,,,,,,,7,603,774,,,,,,
417,14049.6,,,,,,,,,,9,711,574,,,,,,,8,552,611,,,,,,,,,,,,,,,,7,590,769,,,,,,
418,14093.1,,,,,,,,,,9,701,570,,,,,,,8,542,605,,,,,,,,,,,,,,,,7,577,763,,,,,,
419,14113.9,,,,,,,,,,9,691,568,,,,,,,8,531,599,,,,,,,,,,,,,,,,7,564,758,,,,,,
420,14150.1,,,,,,,,,,9,682,565,,,,,,,8,521,594,,,,,,,,,,,,,,,,7,550,754,,,,,,
421,14181.8,,,,,,,,,,9,672,562,,,,,,,8,511,589,,,,,,,,,,,,,,,,7,538,749,,,,,,
422,14214.0,,,,,,,,,,9,662,560,,,,,,,7,501,583,,,,,,,,,,,,,,,,7,525,744,,,,,,
423,14250.9,,,,,,,,,,9,652,558,,,,,,,8,491,578,,,,,,,,,,,,,,,,7,511,739,,,,,,
424,14284.6,,,,,,,,,,9,643,556,,,,,,,8,481,573,,,,,,,,,,,,,,,,7,498,734,,,,,,
425,14313.8,,,,,,,,,,9,633,553,,,,,,,8,471,568,,,,,,,,,,,,,,,,7,485,729,,,,,,
426,14349.8,,,,,,,,,,9,623,551,,,,,,,8,461,563,,,,,,,,,,,,,,,,7,472,725,,,,,,
427,14382.4,,,,,,,,,,9,613,549,,,,,,,8,450,558,,,,,,,,,,,,,,,,7,459,720,,,,,,
428,14415.4,,,,,,,,,,9,603,547,,,,,,,8,440,554,,,,,,,,,,,,,,,,7,447,716,,,,,,
429,14452.3,,,,,,,,,,9,594,545,,,,,,,7,430,549,,,,,,,,,,,,,,,,7,433,711,,,,,,
430,14481.6,,,,,,,,,,9,583,544,,,,,,,7,420,544,,,,,,,,,,,,,,,,7,421,707,,,,,,
431,14513.7,,,,,,,,,,9,573,542,,,,,,,7,410,539,,,,,,,,,,,,,,,,7,408,702,,,,,,
432,14549.5,,,,,,,,,,9,564,540,,,,,,,7,400,535,,,,,,,,,,,,,,,,7,395,698,,,,,,
433,14581.6,,,,,,,,,,9,553,539,,,,,,,8,390,531,,,,,,,,,,,,,,,,7,382,694,,,,,,
434,14613.7,,,,,,,,,,9,543,537,,,,,,,7,379,526,,,,,,,,,,,,,,,,7,368,689,,,,,,
435,14649.7,,,,,,,,,,9,533,536,,,,,,,7,369,522,,,,,,,,,,,,,,,,7,356,685,,,,,,
436,14681.6,,,,,,,,,,9,522,535,,,,,,,8,359,518,,,,,,,,,,,,,,,,7,343,680,,,,,,
437,14714.0,,,,,,,,,,9,512,533,,,,,,,8,349,514,,,,,,,,,,,,,,,,7,329,676,,,,,,
438,14749.7,,,,,,,,,,9,502,532,,,,,,,8,339,510,,,,,,,,,,,,,,,,7,316,672,,,,,,
439,14781.6,,,,,,,,,,9,492,531,,,,,,,7,329,506,,,,,,,,,,,,,,,,7,304,668,,,,,,
440,14813.7,,,,,,,,,,9,481,530,,,,,,,8,318,502,,,,,,,,,,,,,,,,7,290,663,,,,,,
441,14850.0,,,,,,,,,,9,470,529,,,,,,,8,308,498,,,,,,,,,,,,,,,,7,277,659,,,,,,
442,14884.3,,,,,,,,,,9,460,528,,,,,,,8,297,494,,,,,,,,,,,,,,,,7,263,655,,,,,,
443,14913.8,,,,,,,,,,9,449,527,,,,,,,8,287,490,,,,,,,,,,,,,,,,7,250,652,,,,,,
444,14950.7,,,,,,,,,,9,438,526,,,,,,,7,277,487,,,,,,,,,,,,,,,,7,237,646,,,,,,
445,14981.8,,,,,,,,,,8,427,525,,,,,,,7,266,483,,,,,,,,,,,,,,,,7,223,642,,,,,,
446,15014.2,,,,,,,,,,9,416,525,,,,,,,8,256,480,,,,,,,,,,,,,,,,7,209,638,,,,,,
447,15050.5,,,,,,,,,,9,404,524,,,,,,,8,245,476,,,,,,,,,,,,,,,,7,196,634,,,,,,
448,15081.9,,,,,,,,,,9,393,523,,,,,,,8,234,473,,,,,,,,,,,,,,,,7,183,630,,,,,,
449,15113.7,,,,,,,,,,9,382,523,,,,,,,8,223,469,,,,,,,,,,,,,,,,7,169,625,,,,,,
450,15149.6,,,,,,,,,,9,370,522,,,,,,,8,213,466,,,,,,,,,,,,,,,,7,156,621,,,,,,
451,15181.5,,,,,,,,,,9,359,522,,,,,,,8,202,463,,,,,,,,,,,,,,,,6,142,618,,,,,,
452,15213.5,,,,,,,,,,9,347,522,,,,,,,8,191,459,,,,,,,,,,,,,,,,7,128,613,,,,,,
453,15249.9,,,,,,,,,,9,335,521,,,,,,,7,179,456,,,,,,,,,,,,,,,,7,113,609,,,,,,
454,15281.8,,,,,,,,,,9,323,522,,,,,,,8,168,453,,,,,,,,,,,,,,,,6,100,606,,,,,,
455,15318.5,,,,,,,,,,9,311,521,,,,,,,7,157,450,,,,,,,,,,,,,,,,7,86,601,,,,,,
456,15350.2,,,,,,,,,,9,298,521,,,,,,,8,145,447,,,,,,,,,,,,,,,,7,71,597,,,,,,
457,15382.0,,,,,,,,,,9,290,517,,,,,,,7,136,445,,,,,,,,,,,,,,,,7,64,595,,,,,,
458,15413.6,,,,,,,,,,9,286,510,,,,,,,7,130,443,,,,,,,,,,,,,,,,7,65,597,,,,,,
459,15449.9,,,,,,,,,,9,283,502,,,,,,,8,124,443,,,,,,,,,,,,,,,,7,65,597,,,,,,
460,15481.9,,,,,,,,,,9,280,495,,,,,,,8,118,441,,,,,,,,,,,,,,,,8,65,599,,,,,,
461,15516.6,,,,,,,,,,9,275,487,,,,,,,8,112,440,,,,,,,,,,,,,,,,7,66,600,,,,,,
462,15549.7,,,,,,,,,,9,271,480,,,,,,,7,105,440,,,,,,,,,,,,,,,,7,66,601,,,,,,
463,15581.6,,,,,,,,,,9,267,473,,,,,,,8,99,439,,,,,,,,,,,,,,,,7,68,603,,,,,,
464,15613.5,,,,,,,,,,9,262,466,,,,,,,7,93,439,,,,,,,,,,,,,,,,7,68,603,,,,,,
465,15651.0,,,,,,,,,,9,257,460,,,,,,,8,87,439,,,,,,,,,,,,,,,,7,70,605,,,,,,
466,15685.7,,,,,,,,,,9,252,453,,,,,,,8,80,439,,,,,,,,,,,,,,,,7,70,605,,,,,,
467,15714.0,,,,,,,,,,9,246,447,,,,,,,7,75,439,,,,,,,,,,,,,,,,7,70,605,,,,,,
468,15749.8,,,,,,,,,,9,240,440,,,,,,,7,68,440,,,,,,,,,,,,,,,,7,71,606,,,,,,
469,15782.5,,,,,,,,,,9,234,434,,,,,,,7,62,441,,,,,,,,,,,,,,,,7,72,606,,,,,,
470,15814.2,,,,,,,,,,9,231,430,,,,,,,8,60,440,,,,,,,,,,,,,,,,7,73,606,,,,,,
471,15849.7,,,,,,,,,,9,233,428,,,,,,,8,62,437,,,,,,,,,,,,,,,,7,74,603,,,,,,
472,15883.7,,,,,,,,,,9,235,426,,,,,,,8,64,435,,,,,,,,,,,,,,,,7,75,600,,,,,,
473,15914.2,,,,,,,,,,9,237,425,,,,,,,7,66,432,,,,,,,,,,,,,,,,7,77,598,,,,,,
474,15950.0,,,,,,,,,,9,239,424,,,,,,,8,68,430,,,,,,,,,,,,,,,,7,77,595,,,,,,
475,15984.7,,,,,,,,,,9,241,422,,,,,,,7,70,427,,,,,,,,,,,,,,,,7,78,593,,,,,,
476,16013.6,,,,,,,,,,9,243,421,,,,,,,7,72,425,,,,,,,,,,,,,,,,7,79,590,,,,,,
477,16049.5,,,,,,,,,,9,245,419,,,,,,,7,73,422,,,,,,,,,,,,,,,,7,80,588,,,,,,
478,16081.8,,,,,,,,,,9,246,418,,,,,,,7,76,419,,,,,,,,,,,,,,,,7,80,585,,,,,,
479,16113.6,,,,,,,,,,9,248,417,,,,,,,8,76,417,,,,,,,,,,,,,,,,7,80,583,,,,,,
480,16145.7,,,,,,,,,,9,249,415,,,,,,,8,78,415,,,,,,,,,,,,,,,,7,80,580,,,,,,
481,16181.8,,,,,,,,,,9,251,414,,,,,,,7,79,413,,,,,,,,,,,,,,,,7,81,578,,,,,,
482,16213.8,,,,,,,,,,9,252,412,,,,,,,8,81,410,,,,,,,,,,,,,,,,7,81,576,,,,,,
483,16246.0,,,,,,,,,,9,253,411,,,,,,,8,81,408,,,,,,,,,,,,,,,,7,81,573,,,,,,
484,16282.4,,,,,,,,,,9,254,410,,,,,,,8,83,406,,,,,,,,,,,,,,,,7,81,571,,,,,,
485,16314.2,,,,,,,,,,9,255,409,,,,,,,8,84,403,,,,,,,,,,,,,,,,7,82,569,,,,,,
486,16346.4,,,,,,,,,,9,255,407,,,,,,,8,84,401,,,,,,,,,,,,,,,,7,81,566,,,,,,
487,16381.5,,,,,,,,,,9,256,406,,,,,,,8,85,399,,,,,,,,,,,,,,,,7,81,564,,,,,,
488,16413.9,,,,,,,,,,9,258,405,,,,,,,8,87,397,,,,,,,,,,,,,,,,7,81,562,,,,,,
489,16446.2,,,,,,,,,,9,258,404,,,,,,,8,87,394,,,,,,,,,,,,,,,,7,81,560,,,,,,
490,16482.0,,,,,,,,,,9,258,403,,,,,,,8,87,392,,,,,,,,,,,,,,,,7,80,558,,,,,,
491,16518.8,,,,,,,,,,9,259,402,,,,,,,8,88,390,,,,,,,,,,,,,,,,7,80,556,,,,,,
492,16546.1,,,,,,,,,,9,259,400,,,,,,,8,88,387,,,,,,,,,,,,,,,,7,79,554,,,,,,
493,16582.0,,,,,,,,,,9,259,400,,,,,,,8,88,386,,,,,,,,,,,,,,,,7,78,552,,,,,,
494,16614.0,,,,,,,,,,9,259,398,,,,,,,8,88,383,,,,,,,,,,,,,,,,7,78,549,,,,,,
495,16645.8,,,,,,,,,,9,259,397,,,,,,,8,89,382,,,,,,,,,,,,,,,,7,77,547,,,,,,
496,16681.7,,,,,,,,,,9,259,396,,,,,,,8,89,379,,,,,,,,,,,,,,,,7,76,545,,,,,,
497,16714.2,,,,,,,,,,9,259,395,,,,,,,8,88,377,,,,,,,,,,,,,,,,7,75,543,,,,,,
498,16746.2,,,,,,,,,,9,259,394,,,,,,,8,88,376,,,,,,,,,,,,,,,,7,73,541,,,,,,
499,16781.5,,,,,,,,,,9,258,393,,,,,,,8,88,374,,,,,,,,,,,,,,,,7,72,539,,,,,,
500,16821.2,,,,,,,,,,9,257,391,,,,,,,8,88,371,,,,,,,,,,,,,,,,8,71,537,,,,,,
501,16845.9,,,,,,,,,,9,257,391,,,,,,,8,87,370,,,,,,,,,,,,,,,,8,70,535,,,,,,
502,16881.6,,,,,,,,,,9,256,390,,,,,,,8,86,368,,,,,,,,,,,,,,,,7,68,533,,,,,,
503,16916.1,,,,,,,,,,9,256,388,,,,,,,8,86,366,,,,,,,,,,,,,,,,8,67,531,,,,,,
504,16950.6,,,,,,,,,,9,255,387,,,,,,,8,85,364,,,,,,,,,,,,,,,,7,65,529,,,,,,
505,16981.8,,,,,,,,,,9,254,386,,,,,,,8,84,363,,,,,,,,,,,,,,,,7,63,527,,,,,,
506,17014.0,,,,,,,,,,9,253,385,,,,,,,8,83,360,,,,,,,,,,,,,,,,7,61,525,,,,,,
507,17045.9,,,,,,,,,,9,252,384,,,,,,,8,82,358,,,,,,,,,,,,,,,,7,60,524,,,,,,
508,17081.7,,,,,,,,,,9,250,382,,,,,,,8,81,358,,,,,,,,,,,,,,,,8,61,524,,,,,,
509,17114.0,,,,,,,,,,9,249,380,,,,,,,8,80,358,,,,,,,,,,,,,,,,7,62,523,,,,,,
510,17146.0,,,,,,,,,,9,250,377,,,,,,,8,80,357,,,,,,,,,,,,,,,,7,63,522,,,,,,
511,17181.7,,,,,,,,,,9,250,375,,,,,,,8,80,356,,,,,,,,,,,,,,,,8,64,521,,,,,,
512,17213.6,,,,,,,,,,9,249,373,,,,,,,8,79,355,,,,,,,,,,,,,,,,8,65,521,,,,,,
513,17246.2,,,,,,,,,,9,250,371,,,,,,,8,79,355,,,,,,,,,,,,,,,,7,67,521,,,,,,
514,17281.8,,,,,,,,,,9,253,370,,,,,,,8,83,356,,,,,,,,,,,,,,,,7,73,522,,,,,,
515,17313.6,,,,,,,,,,9,265,371,,,,,,,8,94,357,,,,,,,,,,,,,,,,7,85,523,,,,,,
516,17346.1,,,,,,,,,,9,284,373,,,,,,,7,113,359,,,,,,,,,,,,,,,,6,105,526,,,,,,
517,17382.2,,,,,,,,,,9,304,377,,,,,,,7,135,362,,,,,,,,,,,,,,,,7,127,527,,,,,,
518,17413.9,,,,,,,,,,9,326,380,,,,,,,8,156,364,,,,,,,,,,,,,,,,7,147,530,,,,,,
519,17445.6,,,,,,,,,,9,346,383,,,,,,,8,177,367,,,,,,,,,,,,,,,,6,168,534,,,,,,
520,17484.6,,,,,,,,,,9,367,386,,,,,,,7,198,370,,,,,,,,,,,,,,,,6,189,537,,,,,,
521,17514.0,,,,,,,,,,9,387,388,,,,,,,8,219,373,,,,,,,,,,,,,,,,7,209,538,,,,,,
522,17545.7,,,,,,,,,,9,407,392,,,,,,,8,240,376,,,,,,,,,,,,,,,,7,230,541,,,,,,
523,17581.6,,,,,,,,,,9,426,395,,,,,,,8,260,379,,,,,,,,,,,,,,,,6,251,544,,,,,,
524,17614.8,,,,,,,,,,8,447,397,,,,,,,8,280,382,,,,,,,,,,,,,,,,7,271,546,,,,,,
525,17645.8,,,,,,,,,,8,466,401,,,,,,,8,301,385,,,,,,,,,,,,,,,,6,291,549,,,,,,
526,17682.0,,,,,,,,,,9,486,403,,,,,,,8,321,388,,,,,,,,,,,,,,,,6,311,552,,,,,,
527,17716.6,,,,,,,,,,8,505,406,,,,,,,8,341,391,,,,,,,,,,,,,,,,6,331,555,,,,,,
528,17746.2,,,,,,,,,,9,525,409,,,,,,,8,361,393,,,,,,,,,,,,,,,,6,351,557,,,,,,
529,17781.7,,,,,,,,,,9,544,412,,,,,,,8,381,396,,,,,,,,,,,,,,,,7,371,559,,,,,,
530,17813.7,,,,,,,,,,8,565,416,,,,,,,8,401,399,,,,,,,,,,,,,,,,7,390,562,,,,,,
531,17845.7,,,,,,,,,,8,584,418,,,,,,,7,420,402,,,,,,,,,,,,,,,,7,410,565,,,,,,
532,17881.5,,,,,,,,,,8,603,422,,,,,,,8,440,405,,,,,,,,,,,,,,,,6,430,568,,,,,,
533,17916.6,,,,,,,,,,9,623,424,,,,,,,7,460,408,,,,,,,,,,,,,,,,7,449,570,,,,,,
534,17946.3,,,,,,,,,,8,642,427,,,,,,,7,479,411,,,,,,,,,,,,,,,,6,468,573,,,,,,
535,17982.0,,,,,,,,,,9,661,430,,,,,,,7,499,414,,,,,,,,,,,,,,,,7,487,575,,,,,,
536,18014.7,,,,,,,,,,8,681,433,,,,,,,7,518,417,,,,,,,,,,,,,,,,6,506,578,,,,,,
537,18046.5,,,,,,,,,,9,701,436,,,,,,,7,538,419,,,,,,,,,,,,,,,,6,525,581,,,,,,
538,18081.8,,,,,,,,,,9,720,439,,,,,,,7,557,422,,,,,,,,,,,,,,,,7,545,584,,,,,,
539,18113.9,,,,,,,,,,9,739,442,,,,,,,7,577,425,,,,,,,,,,,,,,,,7,564,586,,,,,,
540,18146.0,,,,,,,,,,9,759,445,,,,,,,7,596,428,,,,,,,,,,,,,,,,6,584,589,,,,,,
541,18181.7,,,,,,,,,,9,779,448,,,,,,,7,616,431,,,,,,,,,,,,,,,,7,603,592,,,,,,
542,18213.7,,,,,,,,,,9,798,451,,,,,,,7,635,434,,,,,,,,,,,,,,,,7,622,595,,,,,,
543,18245.7,,,,,,,,,,9,818,455,,,,,,,7,655,437,,,,,,,,,,,,,,,,7,641,598,,,,,,
544,18281.9,,,,,,,,,,8,838,458,,,,,,,8,675,440,,,,,,,,,,,,,,,,6,661,602,,,,,,
545,18313.7,,,,,,,,,,9,858,461,,,,,,,8,695,443,,,,,,,,,,,,,,,,7,681,604,,,,,,
546,18347.2,,,,,,,,,,9,878,464,,,,,,,7,714,446,,,,,,,,,,,,,,,,7,700,607,,,,,,
547,18381.8,,,,,,,,,,9,898,468,,,,,,,7,734,449,,,,,,,,,,,,,,,,7,720,610,,,,,,
548,18413.9,,,,,,,,,,9,918,471,,,,,,,7,754,452,,,,,,,,,,,,,,,,6,740,614,,,,,,
549,18450.3,,,,,,,,,,9,939,474,,,,,,,8,774,455,,,,,,,,,,,,,,,,7,760,617,,,,,,
550,18484.6,,,,,,,,,,9,958,478,,,,,,,8,795,459,,,,,,,,,,,,,,,,7,780,620,,,,,,
551,18513.7,,,,,,,,,,9,979,481,,,,,,,8,814,462,,,,,,,,,,,,,,,,7,799,623,,,,,,
552,18545.8,,,,,,,,,,9,999,485,,,,,,,8,835,465,,,,,,,,,,,,,,,,7,820,627,,,,,,
553,18581.7,,,,,,,,,,9,1020,489,,,,,,,8,855,468,,,,,,,,,,,,,,,,7,840,630,,,,,,
554,18614.3,,,,,,,,,,9,1040,492,,,,,,,8,876,471,,,,,,,,,,,,,,,,7,860,633,,,,,,
555,18646.1,,,,,,,,,,9,1060,496,,,,,,,8,897,475,,,,,,,,,,,,,,,,7,881,637,,,,,,
556,18682.7,,,,,,,,,,9,1062,491,,,,,,,8,897,488,,,,,,,,,,,,,,,,7,899,653,,,,,,
557,18714.0,,,,,,,,,,9,1059,496,,,,,,,8,894,496,,,,,,,,,,,,,,,,7,896,659,,,,,,
558,18746.3,,,,,,,,,,9,1056,503,,,,,,,8,891,499,,,,,,,,,,,,,,,,7,890,662,,,,,,
559,18782.2,,,,,,,,,,9,1054,510,,,,,,,8,889,503,,,,,,,,,,,,,,,,7,883,665,,,,,,
560,18815.1,,,,,,,,,,9,1051,517,,,,,,,8,886,506,,,,,,,,,,,,,,,,7,877,669,,,,,,
561,18846.9,,,,,,,,,,9,1048,524,,,,,,,8,884,510,,,,,,,,,,,,,,,,7,871,673,,,,,,
562,18882.0,,,,,,,,,,9,1046,532,,,,,,,8,881,514,,,,,,,,,,,,,,,,7,866,676,,,,,,
563,18913.8,,,,,,,,,,9,1043,540,,,,,,,8,880,518,,,,,,,,,,,,,,,,7,860,680,,,,,,
564,18945.9,,,,,,,,,,9,1041,547,,,,,,,8,877,522,,,,,,,,,,,,,,,,7,854,683,,,,,,
565,18982.0,,,,,,,,,,9,1039,555,,,,,,,8,876,526,,,,,,,,,,,,,,,,7,849,687,,,,,,
566,19016.7,,,,,,,,,,9,1036,563,,,,,,,8,874,530,,,,,,,,,,,,,,,,7,844,691,,,,,,
567,19046.3,,,,,,,,,,9,1034,571,,,,,,,8,873,534,,,,,,,,,,,,,,,,7,839,694,,,,,,
568,19081.9,,,,,,,,,,9,1032,579,,,,,,,8,871,539,,,,,,,,,,,,,,,,7,834,698,,,,,,
569,19115.4,,,,,,,,,,9,1029,587,,,,,,,8,870,544,,,,,,,,,,,,,,,,7,830,701,,,,,,
570,19146.0,,,,,,,,,,9,1027,595,,,,,,,8,869,548,,,,,,,,,,,,,,,,7,825,705,,,,,,
571,19181.7,,,,,,,,,,9,1025,603,,,,,,,8,868,553,,,,,,,,,,,,,,,,7,821,709,,,,,,
572,19213.9,,,,,,,,,,9,1024,612,,,,,,,8,867,558,,,,,,,,,,,,,,,,8,816,712,,,,,,
573,19248.6,,,,,,,,,,9,1022,620,,,,,,,9,867,563,,,,,,,,,,,,,,,,7,812,716,,,,,,
574,19281.9,,,,,,,,,,9,1020,629,,,,,,,8,866,568,,,,,,,,,,,,,,,,7,808,720,,,,,,
575,19345.8,,,,,,,,,,9,1016,646,,,,,,,8,864,578,,,,,,,,,,,,,,,,7,800,727,,,,,,
576,19382.8,,,,,,,,,,9,1015,655,,,,,,,9,865,583,,,,,,,,,,,,,,,,7,797,731,,,,,,
577,19414.2,,,,,,,,,,9,1013,663,,,,,,,9,864,589,,,,,,,,,,,,,,,,8,794,736,,,,,,
578,19446.3,,,,,,,,,,9,1011,672,,,,,,,8,864,594,,,,,,,,,,,,,,,,7,791,739,,,,,,
579,19482.1,,,,,,,,,,9,1009,681,,,,,,,9,864,600,,,,,,,,,,,,,,,,7,787,744,,,,,,
580,19514.3,,,,,,,,,,9,1007,690,,,,,,,8,864,606,,,,,,,,,,,,,,,,7,784,748,,,,,,
581,19546.0,,,,,,,,,,9,1005,699,,,,,,,9,865,612,,,,,,,,,,,,,,,,7,782,752,,,,,,
582,19582.0,,,,,,,,,,9,1003,708,,,,,,,9,865,618,,,,,,,,,,,,,,,,8,778,756,,,,,,
583,19614.6,,,,,,,,,,9,1002,718,,,,,,,9,865,624,,,,,,,,,,,,,,,,7,776,760,,,,,,
584,19646.7,,,,,,,,,,9,1001,728,,,,,,,8,866,631,,,,,,,,,,,,,,,,7,773,765,,,,,,
585,19681.8,,,,,,,,,,9,999,737,,,,,,,9,866,637,,,,,,,,,,,,,,,,7,771,769,,,,,,
586,19714.9,,,,,,,,,,9,997,747,,,,,,,8,866,644,,,,,,,,,,,,,,,,7,768,774,,,,,,
587,19747.3,,,,,,,,,,9,996,756,,,,,,,8,867,651,,,,,,,,,,,,,,,,8,766,778,,,,,,
588,19781.7,,,,,,,,,,9,994,766,,,,,,,8,868,658,,,,,,,,,,,,,,,,7,764,783,,,,,,
589,19814.1,,,,,,,,,,9,993,776,,,,,,,9,869,665,,,,,,,,,,,,,,,,8,763,788,,,,,,
590,19846.3,,,,,,,,,,9,991,786,,,,,,,9,870,672,,,,,,,,,,,,,,,,8,761,793,,,,,,
591,19882.2,,,,,,,,,,9,990,796,,,,,,,9,871,679,,,,,,,,,,,,,,,,8,759,798,,,,,,
592,19914.7,,,,,,,,,,9,988,806,,,,,,,9,872,687,,,,,,,,,,,,,,,,8,757,802,,,,,,
593,19946.2,,,,,,,,,,9,986,817,,,,,,,8,873,695,,,,,,,,,,,,,,,,7,756,808,,,,,,
594,19983.2,,,,,,,,,,9,985,827,,,,,,,9,874,702,,,,,,,,,,,,,,,,8,754,813,,,,,,
595,20014.5,,,,,,,,,,9,983,838,,,,,,,8,875,711,,,,,,,,,,,,,,,,8,753,818,,,,,,
596,20046.0,,,,,,,,,,9,982,848,,,,,,,8,877,719,,,,,,,,,,,,,,,,7,752,824,,,,,,
597,20082.1,,,,,,,,,,9,980,859,,,,,,,8,877,727,,,,,,,,,,,,,,,,8,751,829,,,,,,
598,20114.8,,,,,,,,,,9,978,869,,,,,,,8,879,735,,,,,,,,,,,,,,,,8,750,835,,,,,,
599,20145.9,,,,,,,,,,9,977,880,,,,,,,8,880,744,,,,,,,,,,,,,,,,7,749,841,,,,,,
600,20181.9,,,,,,,,,,9,975,891,,,,,,,8,882,753,,,,,,,,,,,,,,,,7,749,847,,,,,,
601,20215.2,,,,,,,,,,9,973,902,,,,,,,9,883,762,,,,,,,,,,,,,,,,7,748,853,,,,,,
602,20245.9,,,,,,,,,,9,974,904,,,,,,,8,886,764,,,,,,,,,,,,,,,,8,749,852,,,,,,
603,20281.6,,,,,,,,,,9,976,903,,,,,,,8,888,762,,,,,,,,,,,,,,,,8,751,849,,,,,,
604,20316.7,,,,,,,,,,9,977,900,,,,,,,8,891,759,,,,,,,,,,,,,,,,8,753,846,,,,,,
605,20345.9,,,,,,,,,,9,974,897,,,,,,,8,891,754,,,,,,,,,,,,,,,,7,751,838,,,,,,
606,20381.7,,,,,,,,,,9,968,891,,,,,,,8,889,745,,,,,,,,,,,,,,,,7,747,825,,,,,,
607,20414.8,,,,,,,,,,9,957,882,,,,,,,8,885,734,,,,,,,,,,,,,,,,7,739,807,,,,,,
608,20446.2,,,,,,,,,,9,946,873,,,,,,,8,880,722,,,,,,,,,,,,,,,,7,732,787,,,,,,
609,20482.1,,,,,,,,,,9,933,864,,,,,,,8,876,710,,,,,,,,,,,,,,,,7,724,768,,,,,,
610,20514.3,,,,,,,,,,9,921,855,,,,,,,8,871,698,,,,,,,,,,,,,,,,7,717,748,,,,,,
611,20545.8,,,,,,,,,,9,909,846,,,,,,,8,867,686,,,,,,,,,,,,,,,,7,710,730,,,,,,
612,20581.9,,,,,,,,,,9,896,837,,,,,,,8,862,676,,,,,,,,,,,,,,,,7,703,711,,,,,,
613,20614.1,,,,,,,,,,9,883,827,,,,,,,8,857,665,,,,,,,,,,,,,,,,7,697,693,,,,,,
614,20646.0,,,,,,,,,,9,871,818,,,,,,,9,853,654,,,,,,,,,,,,,,,,7,691,674,,,,,,
615,20684.6,,,,,,,,,,9,858,809,,,,,,,9,847,644,,,,,,,,,,,,,,,,7,685,657,,,,,,
616,20713.7,,,,,,,,,,9,844,799,,,,,,,9,842,635,,,,,,,,,,,,,,,,7,679,639,,,,,,
617,20746.2,,,,,,,,,,9,830,789,,,,,,,9,836,625,,,,,,,,,,,,,,,,7,674,622,,,,,,
618,20781.7,,,,,,,,,,9,816,779,,,,,,,9,831,616,,,,,,,,,,,,,,,,7,669,605,,,,,,
619,20813.8,,,,,,,,,,9,803,770,,,,,,,9,825,607,,,,,,,,,,,,,,,,7,664,588,,,,,,
620,20846.2,,,,,,,,,,9,789,759,,,,,,,9,819,599,,,,,,,,,,,,,,,,7,659,572,,,,,,
621,20882.0,,,,,,,,,,9,775,749,,,,,,,9,813,591,,,,,,,,,,,,,,,,7,654,555,,,,,,
622,20913.8,,,,,,,,,,9,760,739,,,,,,,8,806,582,,,,,,,,,,,,,,,,7,650,540,,,,,,
623,20945.9,,,,,,,,,,9,746,728,,,,,,,9,800,574,,,,,,,,,,,,,,,,7,646,525,,,,,,
624,20981.6,,,,,,,,,,9,732,717,,,,,,,8,793,566,,,,,,,,,,,,,,,,6,642,509,,,,,,
625,21013.9,,,,,,,,,,9,718,706,,,,,,,8,786,559,,,,,,,,,,,,,,,,7,638,494,,,,,,
626,21046.0,,,,,,,,,,9,703,695,,,,,,,9,779,551,,,,,,,,,,,,,,,,7,634,479,,,,,,
627,21084.4,,,,,,,,,,9,689,683,,,,,,,8,772,543,,,,,,,,,,,,,,,,7,630,465,,,,,,
628,21114.3,,,,,,,,,,8,675,672,,,,,,,8,764,535,,,,,,,,,,,,,,,,7,627,451,,,,,,
629,21146.3,,,,,,,,,,8,660,660,,,,,,,8,755,528,,,,,,,,,,,,,,,,7,623,437,,,,,,
630,21181.8,,,,,,,,,,8,645,648,,,,,,,8,748,520,,,,,,,,,,,,,,,,7,620,423,,,,,,
631,21214.1,,,,,,,,,,8,631,636,,,,,,,8,739,514,,,,,,,,,,,,,,,,7,617,410,,,,,,
632,21246.1,,,,,,,,,,8,616,623,,,,,,,8,731,506,,,,,,,,,,,,,,,,7,613,397,,,,,,
633,21283.0,,,,,,,,,,8,602,610,,,,,,,8,722,500,,,,,,,,,,,,,,,,7,609,384,,,,,,
634,21313.7,,,,,,,,,,8,587,597,,,,,,,8,712,492,,,,,,,,,,,,,,,,7,606,371,,,,,,
635,21346.2,,,,,,,,,,8,573,584,,,,,,,8,703,485,,,,,,,,,,,,,,,,7,603,359,,,,,,
636,21381.7,,,,,,,,,,8,559,570,,,,,,,8,693,478,,,,,,,,,,,,,,,,7,599,347,,,,,,
637,21413.7,,,,,,,,,,8,544,557,,,,,,,8,683,470,,,,,,,,,,,,,,,,7,596,335,,,,,,
638,21446.5,,,,,,,,,,8,530,542,,,,,,,8,673,463,,,,,,,,,,,,,,,,7,592,324,,,,,,
639,21482.2,,,,,,,,,,8,516,528,,,,,,,8,663,457,,,,,,,,,,,,,,,,7,589,312,,,,,,
640,21514.1,,,,,,,,,,8,502,513,,,,,,,8,652,448,,,,,,,,,,,,,,,,7,585,301,,,,,,
641,21545.9,,,,,,,,,,8,488,499,,,,,,,8,641,440,,,,,,,,,,,,,,,,7,581,290,,,,,,
642,21583.5,,,,,,,,,,8,474,483,,,,,,,8,630,433,,,,,,,,,,,,,,,,7,577,279,,,,,,
643,21613.8,,,,,,,,,,8,459,467,,,,,,,8,618,425,,,,,,,,,,,,,,,,7,573,269,,,,,,
644,21645.8,,,,,,,,,,8,447,452,,,,,,,8,606,416,,,,,,,,,,,,,,,,7,569,259,,,,,,
645,21682.7,,,,,,,,,,8,432,436,,,,,,,8,594,408,,,,,,,,,,,,,,,,7,564,248,,,,,,
646,21713.7,,,,,,,,,,8,419,419,,,,,,,8,581,399,,,,,,,,,,,,,,,,7,560,238,,,,,,
647,21745.9,,,,,,,,,,8,405,403,,,,,,,9,569,391,,,,,,,,,,,,,,,,7,555,228,,,,,,
648,21781.8,,,,,,,,,,9,392,386,,,,,,,8,557,382,,,,,,,,,,,,,,,,7,549,218,,,,,,
649,21813.8,,,,,,,,,,9,379,368,,,,,,,8,543,372,,,,,,,,,,,,,,,,7,544,209,,,,,,
650,21845.8,,,,,,,,,,9,366,351,,,,,,,8,531,362,,,,,,,,,,,,,,,,7,539,199,,,,,,
651,21881.9,,,,,,,,,,9,353,333,,,,,,,8,517,353,,,,,,,,,,,,,,,,7,533,190,,,,,,
652,21914.0,,,,,,,,,,8,340,315,,,,,,,8,504,343,,,,,,,,,,,,,,,,7,527,180,,,,,,
653,21945.8,,,,,,,,,,9,327,297,,,,,,,8,489,331,,,,,,,,,,,,,,,,7,521,170,,,,,,
654,21981.8,,,,,,,,,,9,315,278,,,,,,,8,475,321,,,,,,,,,,,,,,,,7,515,161,,,,,,
655,22013.8,,,,,,,,,,9,303,259,,,,,,,8,461,310,,,,,,,,,,,,,,,,7,508,152,,,,,,
656,22045.9,,,,,,,,,,9,291,240,,,,,,,8,448,298,,,,,,,,,,,,,,,,7,501,143,,,,,,
657,22081.9,,,,,,,,,,9,279,220,,,,,,,8,433,286,,,,,,,,,,,,,,,,7,494,134,,,,,,
658,22113.8,,,,,,,,,,9,267,201,,,,,,,8,418,274,,,,,,,,,,,,,,,,7,487,124,,,,,,
659,22146.5,,,,,,,,,,9,255,181,,,,,,,9,403,261,,,,,,,,,,,,,,,,7,479,115,,,,,,
660,22181.7,,,,,,,,,,9,246,170,,,,,,,9,392,257,,,,,,,,,,,,,,,,8,472,112,,,,,,
661,22214.1,,,,,,,,,,9,241,174,,,,,,,9,385,264,,,,,,,,,,,,,,,,8,467,121,,,,,,
662,22246.1,,,,,,,,,,9,235,178,,,,,,,9,377,271,,,,,,,,,,,,,,,,8,464,130,,,,,,
663,22281.7,,,,,,,,,,9,229,182,,,,,,,9,370,278,,,,,,,,,,,,,,,,7,459,139,,,,,,
664,22313.7,,,,,,,,,,9,223,185,,,,,,,9,362,283,,,,,,,,,,,,,,,,7,454,147,,,,,,
665,22345.9,,,,,,,,,,9,218,189,,,,,,,9,355,290,,,,,,,,,,,,,,,,7,450,155,,,,,,
666,22381.6,,,,,,,,,,9,212,193,,,,,,,9,347,296,,,,,,,,,,,,,,,,7,445,163,,,,,,
667,22413.8,,,,,,,,,,9,207,195,,,,,,,9,339,302,,,,,,,,,,,,,,,,7,440,171,,,,,,
668,22445.7,,,,,,,,,,9,202,199,,,,,,,9,332,308,,,,,,,,,,,,,,,,7,435,180,,,,,,
669,22481.7,,,,,,,,,,9,196,202,,,,,,,9,324,314,,,,,,,,,,,,,,,,7,430,188,,,,,,
670,22514.1,,,,,,,,,,9,190,205,,,,,,,9,316,319,,,,,,,,,,,,,,,,7,425,196,,,,,,
671,22546.1,,,,,,,,,,9,185,208,,,,,,,9,309,325,,,,,,,,,,,,,,,,7,420,203,,,,,,
672,22581.9,,,,,,,,,,9,179,211,,,,,,,9,301,330,,,,,,,,,,,,,,,,7,414,211,,,,,,
673,22614.1,,,,,,,,,,9,174,214,,,,,,,9,293,336,,,,,,,,,,,,,,,,7,409,219,,,,,,
674,22654.0,,,,,,,,,,9,168,217,,,,,,,9,285,341,,,,,,,,,,,,,,,,7,404,227,,,,,,
675,22691.1,,,,,,,,,,9,162,219,,,,,,,9,277,346,,,,,,,,,,,,,,,,7,398,235,,,,,,
676,22724.6,,,,,,,,,,9,157,222,,,,,,,9,269,351,,,,,,,,,,,,,,,,7,393,242,,,,,,
677,22748.7,,,,,,,,,,9,151,224,,,,,,,9,261,355,,,,,,,,,,,,,,,,7,387,249,,,,,,
678,22783.9,,,,,,,,,,9,146,227,,,,,,,9,253,360,,,,,,,,,,,,,,,,7,381,257,,,,,,
679,22817.8,,,,,,,,,,9,141,230,,,,,,,9,244,365,,,,,,,,,,,,,,,,7,375,264,,,,,,
680,22853.9,,,,,,,,,,9,135,232,,,,,,,9,235,369,,,,,,,,,,,,,,,,7,369,271,,,,,,
681,22888.0,,,,,,,,,,9,129,234,,,,,,,9,228,374,,,,,,,,,,,,,,,,7,363,278,,,,,,
682,22913.9,,,,,,,,,,9,124,237,,,,,,,9,219,378,,,,,,,,,,,,,,,,7,356,286,,,,,,
683,22946.1,,,,,,,,,,9,118,239,,,,,,,9,210,382,,,,,,,,,,,,,,,,7,350,293,,,,,,
684,22981.9,,,,,,,,,,9,113,242,,,,,,,8,202,386,,,,,,,,,,,,,,,,7,343,300,,,,,,
685,23014.3,,,,,,,,,,9,107,244,,,,,,,9,193,391,,,,,,,,,,,,,,,,7,337,307,,,,,,
686,23046.3,,,,,,,,,,9,102,246,,,,,,,9,184,394,,,,,,,,,,,,,,,,7,330,314,,,,,,
687,23082.4,,,,,,,,,,9,95,248,,,,,,,8,176,398,,,,,,,,,,,,,,,,8,323,321,,,,,,
688,23113.7,,,,,,,,,,9,90,251,,,,,,,9,167,402,,,,,,,,,,,,,,,,7,316,327,,,,,,
689,23146.3,,,,,,,,,,9,84,253,,,,,,,8,158,406,,,,,,,,,,,,,,,,7,309,334,,,,,,
690,23182.1,,,,,,,,,,9,79,255,,,,,,,9,149,409,,,,,,,,,,,,,,,,7,302,341,,,,,,
691,23214.2,,,,,,,,,,9,73,257,,,,,,,9,141,412,,,,,,,,,,,,,,,,7,294,347,,,,,,
692,23245.7,,,,,,,,,,9,67,259,,,,,,,9,132,416,,,,,,,,,,,,,,,,7,287,354,,,,,,
693,23282.2,,,,,,,,,,9,62,261,,,,,,,9,123,419,,,,,,,,,,,,,,,,7,280,361,,,,,,
694,23314.3,,,,,,,,,,9,64,261,,,,,,,9,116,422,,,,,,,,,,,,,,,,8,276,371,,,,,,
695,23346.5,,,,,,,,,,9,65,261,,,,,,,9,109,424,,,,,,,,,,,,,,,,7,272,381,,,,,,
696,23382.3,,,,,,,,,,9,67,261,,,,,,,9,103,426,,,,,,,,,,,,,,,,7,268,391,,,,,,
697,23414.0,,,,,,,,,,9,69,261,,,,,,,9,97,427,,,,,,,,,,,,,,,,7,263,401,,,,,,
698,23448.3,,,,,,,,,,9,72,261,,,,,,,9,90,429,,,,,,,,,,,,,,,,7,258,411,,,,,,
699,23481.8,,,,,,,,,,9,74,262,,,,,,,9,84,430,,,,,,,,,,,,,,,,7,253,420,,,,,,
700,23514.1,,,,,,,,,,9,77,263,,,,,,,9,78,431,,,,,,,,,,,,,,,,7,247,430,,,,,,
701,23546.6,,,,,,,,,,9,79,263,,,,,,,9,72,431,,,,,,,,,,,,,,,,7,241,438,,,,,,
702,23581.7,,,,,,,,,,9,83,264,,,,,,,9,66,432,,,,,,,,,,,,,,,,7,235,447,,,,,,
703,23613.9,,,,,,,,,,9,86,265,,,,,,,9,61,431,,,,,,,,,,,,,,,,7,228,456,,,,,,
704,23646.0,,,,,,,,,,9,89,267,,,,,,,9,60,434,,,,,,,,,,,,,,,,7,228,461,,,,,,
705,23681.9,,,,,,,,,,9,94,271,,,,,,,9,63,436,,,,,,,,,,,,,,,,7,230,466,,,,,,
706,23714.1,,,,,,,,,,9,98,274,,,,,,,9,65,439,,,,,,,,,,,,,,,,7,232,470,,,,,,
707,23748.8,,,,,,,,,,9,101,277,,,,,,,9,67,441,,,,,,,,,,,,,,,,7,234,474,,,,,,
708,23782.0,,,,,,,,,,9,105,280,,,,,,,9,69,444,,,,,,,,,,,,,,,,7,235,479,,,,,,
709,23813.9,,,,,,,,,,10,110,283,,,,,,,9,72,447,,,,,,,,,,,,,,,,7,237,483,,,,,,
710,23846.0,,,,,,,,,,9,113,286,,,,,,,9,73,449,,,,,,,,,,,,,,,,7,238,488,,,,,,
711,23881.9,,,,,,,,,,9,116,290,,,,,,,9,76,452,,,,,,,,,,,,,,,,7,240,492,,,,,,
712,23914.2,,,,,,,,,,9,120,292,,,,,,,9,77,455,,,,,,,,,,,,,,,,7,241,496,,,,,,
713,23946.4,,,,,,,,,,9,123,295,,,,,,,9,79,458,,,,,,,,,,,,,,,,7,243,500,,,,,,
714,23982.0,,,,,,,,,,9,127,298,,,,,,,9,80,460,,,,,,,,,,,,,,,,7,245,504,,,,,,
715,24017.1,,,,,,,,,,9,130,302,,,,,,,9,82,463,,,,,,,,,,,,,,,,7,245,508,,,,,,
716,24046.1,,,,,,,,,,9,133,304,,,,,,,9,84,465,,,,,,,,,,,,,,,,7,246,513,,,,,,
717,24081.7,,,,,,,,,,9,137,308,,,,,,,9,85,467,,,,,,,,,,,,,,,,7,247,517,,,,,,
718,24113.9,,,,,,,,,,10,140,312,,,,,,,8,87,470,,,,,,,,,,,,,,,,8,248,521,,,,,,
719,24145.9,,,,,,,,,,9,143,314,,,,,,,9,88,472,,,,,,,,,,,,,,,,7,249,525,,,,,,
720,24181.5,,,,,,,,,,9,146,316,,,,,,,9,89,475,,,,,,,,,,,,,,,,7,249,529,,,,,,
721,24215.6,,,,,,,,,,9,149,320,,,,,,,9,90,477,,,,,,,,,,,,,,,,7,250,533,,,,,,
722,24248.6,,,,,,,,,,9,152,323,,,,,,,9,92,479,,,,,,,,,,,,,,,,7,250,537,,,,,,
723,24281.7,,,,,,,,,,9,155,326,,,,,,,9,92,482,,,,,,,,,,,,,,,,7,251,540,,,,,,
724,24313.6,,,,,,,,,,9,157,329,,,,,,,9,93,484,,,,,,,,,,,,,,,,7,251,545,,,,,,
725,24345.8,,,,,,,,,,9,160,332,,,,,,,8,95,487,,,,,,,,,,,,,,,,7,251,549,,,,,,
726,24384.7,,,,,,,,,,9,162,335,,,,,,,9,95,489,,,,,,,,,,,,,,,,7,252,553,,,,,,
727,24413.8,,,,,,,,,,9,164,338,,,,,,,9,96,491,,,,,,,,,,,,,,,,7,251,557,,,,,,
728,24445.8,,,,,,,,,,9,167,341,,,,,,,9,97,493,,,,,,,,,,,,,,,,7,251,561,,,,,,
729,24481.8,,,,,,,,,,9,170,344,,,,,,,9,97,496,,,,,,,,,,,,,,,,7,251,564,,,,,,
730,24514.0,,,,,,,,,,9,171,348,,,,,,,9,98,498,,,,,,,,,,,,,,,,7,251,568,,,,,,
731,24545.9,,,,,,,,,,9,174,351,,,,,,,9,98,501,,,,,,,,,,,,,,,,7,251,572,,,,,,
732,24581.8,,,,,,,,,,9,176,354,,,,,,,9,98,503,,,,,,,,,,,,,,,,7,250,576,,,,,,
733,24613.7,,,,,,,,,,9,177,357,,,,,,,9,99,506,,,,,,,,,,,,,,,,7,250,580,,,,,,
734,24651.0,,,,,,,,,,9,180,360,,,,,,,9,99,507,,,,,,,,,,,,,,,,8,249,584,,,,,,
735,24684.6,,,,,,,,,,9,181,363,,,,,,,9,99,510,,,,,,,,,,,,,,,,7,248,588,,,,,,
736,24714.2,,,,,,,,,,9,183,368,,,,,,,9,99,513,,,,,,,,,,,,,,,,7,247,592,,,,,,
737,24746.5,,,,,,,,,,9,185,370,,,,,,,9,99,515,,,,,,,,,,,,,,,,7,247,595,,,,,,
738,24782.6,,,,,,,,,,9,186,373,,,,,,,9,99,517,,,,,,,,,,,,,,,,7,246,599,,,,,,
739,24813.7,,,,,,,,,,9,188,377,,,,,,,9,99,519,,,,,,,,,,,,,,,,7,245,603,,,,,,
740,24847.9,,,,,,,,,,9,189,380,,,,,,,9,99,521,,,,,,,,,,,,,,,,7,243,608,,,,,,
741,24881.6,,,,,,,,,,9,190,383,,,,,,,9,99,524,,,,,,,,,,,,,,,,8,243,612,,,,,,
742,24913.8,,,,,,,,,,9,192,387,,,,,,,9,99,527,,,,,,,,,,,,,,,,7,241,615,,,,,,
743,24945.9,,,,,,,,,,9,193,390,,,,,,,9,98,529,,,,,,,,,,,,,,,,7,240,619,,,,,,
744,24981.7,,,,,,,,,,9,194,394,,,,,,,8,98,531,,,,,,,,,,,,,,,,8,238,623,,,,,,
745,25014.1,,,,,,,,,,9,195,397,,,,,,,,,,,,,,,,,,,,,,,,,7,238,627,,,,,,
746,25046.3,,,,,,,,,,9,200,405,,,,,,,,,,,,,,,,,,,,,,,,,7,246,635,,,,,,
747,25082.1,,,,,,,,,,9,212,416,,,,,,,9,117,554,,,,,,,,,,,,,,,,7,259,645,,,,,,
748,25113.9,,,,,,,,,,9,227,426,,,,,,,9,133,563,,,,,,,,,,,,,,,,7,274,655,,,,,,
749,25146.1,,,,,,,,,,9,241,435,,,,,,,9,147,574,,,,,,,,,,,,,,,,7,288,664,,,,,,
750,25181.7,,,,,,,,,,9,257,445,,,,,,,9,162,583,,,,,,,,,,,,,,,,7,303,674,,,,,,
751,25214.0,,,,,,,,,,9,271,455,,,,,,,9,176,593,,,,,,,,,,,,,,,,7,317,684,,,,,,
752,25246.5,,,,,,,,,,9,286,465,,,,,,,9,191,603,,,,,,,,,,,,,,,,7,330,694,,,,,,
753,25281.5,,,,,,,,,,8,301,475,,,,,,,9,205,613,,,,,,,,,,,,,,,,7,345,704,,,,,,
754,25313.8,,,,,,,,,,9,315,485,,,,,,,9,219,623,,,,,,,,,,,,,,,,7,358,714,,,,,,
755,25348.6,,,,,,,,,,9,329,495,,,,,,,9,233,632,,,,,,,,,,,,,,,,7,372,724,,,,,,
756,25413.5,,,,,,,,,,8,358,516,,,,,,,9,262,652,,,,,,,,,,,,,,,,7,399,744,,,,,,
757,25446.0,,,,,,,,,,8,372,526,,,,,,,9,276,662,,,,,,,,,,,,,,,,7,412,754,,,,,,
758,25482.0,,,,,,,,,,9,385,536,,,,,,,9,290,672,,,,,,,,,,,,,,,,7,426,765,,,,,,
759,25514.1,,,,,,,,,,9,400,546,,,,,,,9,304,682,,,,,,,,,,,,,,,,7,439,775,,,,,,
760,25545.7,,,,,,,,,,9,414,556,,,,,,,9,317,692,,,,,,,,,,,,,,,,7,453,785,,,,,,
761,25581.9,,,,,,,,,,8,427,566,,,,,,,9,331,702,,,,,,,,,,,,,,,,7,466,795,,,,,,
762,25613.7,,,,,,,,,,9,441,577,,,,,,,9,345,712,,,,,,,,,,,,,,,,7,480,807,,,,,,
763,25646.4,,,,,,,,,,8,455,587,,,,,,,9,358,723,,,,,,,,,,,,,,,,7,493,817,,,,,,
764,25681.8,,,,,,,,,,8,469,598,,,,,,,9,372,733,,,,,,,,,,,,,,,,8,506,827,,,,,,
765,25716.6,,,,,,,,,,9,482,609,,,,,,,9,386,743,,,,,,,,,,,,,,,,7,520,839,,,,,,
766,25746.2,,,,,,,,,,9,496,619,,,,,,,9,399,754,,,,,,,,,,,,,,,,8,533,849,,,,,,
767,25781.7,,,,,,,,,,9,510,630,,,,,,,9,413,765,,,,,,,,,,,,,,,,7,547,861,,,,,,
768,25814.2,,,,,,,,,,9,523,641,,,,,,,8,426,775,,,,,,,,,,,,,,,,7,560,872,,,,,,
769,25846.5,,,,,,,,,,9,537,652,,,,,,,8,440,786,,,,,,,,,,,,,,,,7,573,883,,,,,,
770,25881.7,,,,,,,,,,8,551,663,,,,,,,8,454,797,,,,,,,,,,,,,,,,7,587,894,,,,,,
771,25913.9,,,,,,,,,,9,564,674,,,,,,,8,467,808,,,,,,,,,,,,,,,,7,600,906,,,,,,
772,25948.6,,,,,,,,,,8,578,685,,,,,,,8,481,820,,,,,,,,,,,,,,,,8,614,917,,,,,,
773,25981.7,,,,,,,,,,9,592,697,,,,,,,8,495,831,,,,,,,,,,,,,,,,7,628,929,,,,,,
774,26013.7,,,,,,,,,,9,606,708,,,,,,,8,508,842,,,,,,,,,,,,,,,,8,641,941,,,,,,
775,26045.8,,,,,,,,,,9,620,721,,,,,,,8,522,854,,,,,,,,,,,,,,,,7,654,953,,,,,,
776,26081.7,,,,,,,,,,9,633,732,,,,,,,8,536,866,,,,,,,,,,,,,,,,8,668,965,,,,,,
777,26113.9,,,,,,,,,,9,647,744,,,,,,,8,550,878,,,,,,,,,,,,,,,,7,682,977,,,,,,
778,26146.2,,,,,,,,,,9,661,756,,,,,,,8,563,890,,,,,,,,,,,,,,,,7,696,990,,,,,,
779,26182.0,,,,,,,,,,9,676,756,,,,,,,8,572,882,,,,,,,,,,,,,,,,8,698,987,,,,,,
780,26214.0,,,,,,,,,,9,692,752,,,,,,,8,580,871,,,,,,,,,,,,,,,,7,700,985,,,,,,
781,26245.9,,,,,,,,,,9,708,748,,,,,,,8,589,861,,,,,,,,,,,,,,,,7,702,981,,,,,,
782,26282.1,,,,,,,,,,9,723,746,,,,,,,8,598,851,,,,,,,,,,,,,,,,8,704,977,,,,,,
783,26313.8,,,,,,,,,,9,739,743,,,,,,,8,607,840,,,,,,,,,,,,,,,,8,706,973,,,,,,
784,26345.9,,,,,,,,,,9,755,741,,,,,,,8,618,830,,,,,,,,,,,,,,,,8,708,969,,,,,,
785,26381.6,,,,,,,,,,8,770,740,,,,,,,9,629,821,,,,,,,,,,,,,,,,8,710,964,,,,,,
786,26414.0,,,,,,,,,,9,786,740,,,,,,,8,639,811,,,,,,,,,,,,,,,,7,713,959,,,,,,
787,26445.9,,,,,,,,,,9,801,739,,,,,,,8,650,802,,,,,,,,,,,,,,,,8,715,954,,,,,,
788,26484.6,,,,,,,,,,9,817,740,,,,,,,8,662,793,,,,,,,,,,,,,,,,8,718,948,,,,,,
789,26514.1,,,,,,,,,,9,832,741,,,,,,,8,674,784,,,,,,,,,,,,,,,,8,721,943,,,,,,
790,26546.9,,,,,,,,,,9,847,742,,,,,,,8,686,776,,,,,,,,,,,,,,,,8,724,937,,,,,,
791,26581.8,,,,,,,,,,9,862,744,,,,,,,8,699,768,,,,,,,,,,,,,,,,7,728,931,,,,,,
792,26613.8,,,,,,,,,,9,876,746,,,,,,,8,712,760,,,,,,,,,,,,,,,,8,731,924,,,,,,
793,26646.3,,,,,,,,,,9,891,748,,,,,,,9,726,753,,,,,,,,,,,,,,,,8,735,918,,,,,,
794,26681.7,,,,,,,,,,9,905,752,,,,,,,9,740,746,,,,,,,,,,,,,,,,8,739,911,,,,,,
795,26713.7,,,,,,,,,,9,919,755,,,,,,,9,754,740,,,,,,,,,,,,,,,,8,744,904,,,,,,
796,26748.7,,,,,,,,,,9,932,759,,,,,,,8,768,735,,,,,,,,,,,,,,,,8,749,897,,,,,,
797,26781.9,,,,,,,,,,9,946,763,,,,,,,9,783,729,,,,,,,,,,,,,,,,7,754,890,,,,,,
798,26813.6,,,,,,,,,,9,959,768,,,,,,,9,798,724,,,,,,,,,,,,,,,,8,759,882,,,,,,
799,26846.0,,,,,,,,,,9,972,772,,,,,,,8,814,719,,,,,,,,,,,,,,,,7,766,875,,,,,,
800,26881.6,,,,,,,,,,9,983,777,,,,,,,9,829,715,,,,,,,,,,,,,,,,7,772,867,,,,,,
801,26913.7,,,,,,,,,,9,995,783,,,,,,,8,845,711,,,,,,,,,,,,,,,,7,779,860,,,,,,
802,26948.6,,,,,,,,,,9,1007,788,,,,,,,9,862,708,,,,,,,,,,,,,,,,8,787,853,,,,,,
803,26982.1,,,,,,,,,,9,1018,794,,,,,,,9,878,705,,,,,,,,,,,,,,,,8,795,845,,,,,,
804,27014.0,,,,,,,,,,9,1029,799,,,,,,,8,894,703,,,,,,,,,,,,,,,,8,803,837,,,,,,
805,27046.2,,,,,,,,,,9,1040,805,,,,,,,8,910,701,,,,,,,,,,,,,,,,7,811,830,,,,,,
806,27082.5,,,,,,,,,,9,1046,804,,,,,,,8,920,698,,,,,,,,,,,,,,,,8,818,824,,,,,,
807,27113.8,,,,,,,,,,9,1050,797,,,,,,,9,923,692,,,,,,,,,,,,,,,,8,821,818,,,,,,
808,27146.1,,,,,,,,,,9,1050,786,,,,,,,9,921,684,,,,,,,,,,,,,,,,8,822,813,,,,,,
809,27181.7,,,,,,,,,,9,1047,773,,,,,,,9,914,676,,,,,,,,,,,,,,,,8,820,808,,,,,,
810,27214.0,,,,,,,,,,9,1042,759,,,,,,,8,905,666,,,,,,,,,,,,,,,,7,816,803,,,,,,
811,27246.3,,,,,,,,,,9,1035,744,,,,,,,9,895,658,,,,,,,,,,,,,,,,7,812,797,,,,,,
812,27281.6,,,,,,,,,,9,1029,729,,,,,,,9,885,649,,,,,,,,,,,,,,,,7,808,792,,,,,,
813,27313.6,,,,,,,,,,9,1023,715,,,,,,,8,875,640,,,,,,,,,,,,,,,,8,804,786,,,,,,
814,27346.0,,,,,,,,,,9,1016,700,,,,,,,9,865,632,,,,,,,,,,,,,,,,8,801,781,,,,,,
815,27381.9,,,,,,,,,,9,1009,686,,,,,,,9,856,625,,,,,,,,,,,,,,,,7,798,776,,,,,,
816,27415.0,,,,,,,,,,9,1002,672,,,,,,,9,847,616,,,,,,,,,,,,,,,,7,795,770,,,,,,
817,27445.8,,,,,,,,,,9,995,657,,,,,,,9,837,609,,,,,,,,,,,,,,,,7,792,765,,,,,,
818,27481.9,,,,,,,,,,9,989,644,,,,,,,9,828,602,,,,,,,,,,,,,,,,8,790,759,,,,,,
819,27514.2,,,,,,,,,,9,981,630,,,,,,,9,819,595,,,,,,,,,,,,,,,,7,788,754,,,,,,
820,27545.8,,,,,,,,,,9,974,616,,,,,,,8,811,588,,,,,,,,,,,,,,,,8,786,748,,,,,,
821,27581.7,,,,,,,,,,9,966,603,,,,,,,9,802,582,,,,,,,,,,,,,,,,7,784,742,,,,,,
822,27613.8,,,,,,,,,,9,959,590,,,,,,,9,794,575,,,,,,,,,,,,,,,,7,783,737,,,,,,
823,27646.9,,,,,,,,,,9,951,577,,,,,,,9,787,570,,,,,,,,,,,,,,,,7,781,731,,,,,,
824,27681.9,,,,,,,,,,9,944,564,,,,,,,9,778,563,,,,,,,,,,,,,,,,7,781,725,,,,,,
825,27713.9,,,,,,,,,,9,936,552,,,,,,,8,771,558,,,,,,,,,,,,,,,,8,780,720,,,,,,
826,27746.1,,,,,,,,,,9,928,539,,,,,,,9,763,552,,,,,,,,,,,,,,,,8,779,713,,,,,,
827,27781.9,,,,,,,,,,9,920,527,,,,,,,9,756,547,,,,,,,,,,,,,,,,7,779,707,,,,,,
828,27821.8,,,,,,,,,,9,913,515,,,,,,,8,750,542,,,,,,,,,,,,,,,,7,779,701,,,,,,
829,27845.8,,,,,,,,,,9,904,504,,,,,,,9,743,537,,,,,,,,,,,,,,,,7,778,694,,,,,,
830,27881.8,,,,,,,,,,9,896,492,,,,,,,8,736,532,,,,,,,,,,,,,,,,7,779,688,,,,,,
831,27913.6,,,,,,,,,,9,888,481,,,,,,,9,730,527,,,,,,,,,,,,,,,,7,779,681,,,,,,
832,27945.9,,,,,,,,,,9,880,470,,,,,,,9,724,523,,,,,,,,,,,,,,,,8,779,674,,,,,,
833,27983.3,,,,,,,,,,9,872,459,,,,,,,8,718,518,,,,,,,,,,,,,,,,7,780,667,,,,,,
834,28014.1,,,,,,,,,,9,864,448,,,,,,,8,713,513,,,,,,,,,,,,,,,,7,781,660,,,,,,
835,28046.3,,,,,,,,,,9,856,438,,,,,,,8,708,509,,,,,,,,,,,,,,,,7,782,653,,,,,,
836,28082.2,,,,,,,,,,9,848,428,,,,,,,8,703,505,,,,,,,,,,,,,,,,7,782,646,,,,,,
837,28114.5,,,,,,,,,,9,840,417,,,,,,,8,698,501,,,,,,,,,,,,,,,,7,784,638,,,,,,
838,28145.7,,,,,,,,,,9,832,408,,,,,,,8,694,497,,,,,,,,,,,,,,,,7,785,630,,,,,,
839,28181.7,,,,,,,,,,9,824,398,,,,,,,9,689,493,,,,,,,,,,,,,,,,7,786,623,,,,,,
840,28214.1,,,,,,,,,,9,816,389,,,,,,,9,686,489,,,,,,,,,,,,,,,,7,787,615,,,,,,
841,28249.5,,,,,,,,,,9,808,380,,,,,,,8,682,486,,,,,,,,,,,,,,,,7,789,607,,,,,,
842,28282.0,,,,,,,,,,9,800,371,,,,,,,8,678,482,,,,,,,,,,,,,,,,7,791,598,,,,,,
843,28314.4,,,,,,,,,,9,792,362,,,,,,,8,675,478,,,,,,,,,,,,,,,,7,792,590,,,,,,
844,28348.7,,,,,,,,,,9,784,354,,,,,,,8,672,474,,,,,,,,,,,,,,,,7,793,581,,,,,,
845,28381.8,,,,,,,,,,9,776,345,,,,,,,8,670,471,,,,,,,,,,,,,,,,7,796,573,,,,,,
846,28418.9,,,,,,,,,,9,769,337,,,,,,,8,667,467,,,,,,,,,,,,,,,,7,797,563,,,,,,
847,28448.7,,,,,,,,,,9,761,330,,,,,,,8,665,463,,,,,,,,,,,,,,,,7,799,554,,,,,,
848,28484.6,,,,,,,,,,9,754,322,,,,,,,8,663,459,,,,,,,,,,,,,,,,7,800,544,,,,,,
849,28513.9,,,,,,,,,,9,746,314,,,,,,,8,662,455,,,,,,,,,,,,,,,,7,802,535,,,,,,
850,28545.6,,,,,,,,,,9,739,307,,,,,,,8,660,451,,,,,,,,,,,,,,,,7,804,525,,,,,,
851,28582.1,,,,,,,,,,9,732,300,,,,,,,9,659,447,,,,,,,,,,,,,,,,7,806,515,,,,,,
852,28616.7,,,,,,,,,,9,725,293,,,,,,,8,658,443,,,,,,,,,,,,,,,,7,808,505,,,,,,
853,28645.8,,,,,,,,,,9,718,286,,,,,,,8,657,439,,,,,,,,,,,,,,,,7,810,495,,,,,,
854,28681.6,,,,,,,,,,9,711,279,,,,,,,8,657,434,,,,,,,,,,,,,,,,7,812,484,,,,,,
855,28713.9,,,,,,,,,,9,704,273,,,,,,,8,657,430,,,,,,,,,,,,,,,,7,813,473,,,,,,
856,28745.8,,,,,,,,,,9,698,266,,,,,,,9,656,425,,,,,,,,,,,,,,,,7,815,462,,,,,,
857,28782.7,,,,,,,,,,9,692,260,,,,,,,9,657,421,,,,,,,,,,,,,,,,7,816,451,,,,,,
858,28813.7,,,,,,,,,,9,685,254,,,,,,,8,657,416,,,,,,,,,,,,,,,,7,818,439,,,,,,
859,28846.0,,,,,,,,,,9,679,248,,,,,,,9,658,411,,,,,,,,,,,,,,,,7,819,428,,,,,,
860,28881.6,,,,,,,,,,9,673,242,,,,,,,9,658,406,,,,,,,,,,,,,,,,7,820,416,,,,,,
861,28917.4,,,,,,,,,,9,667,236,,,,,,,8,659,401,,,,,,,,,,,,,,,,7,822,404,,,,,,
862,28948.7,,,,,,,,,,9,662,231,,,,,,,9,661,395,,,,,,,,,,,,,,,,7,823,393,,,,,,
863,28981.6,,,,,,,,,,9,656,225,,,,,,,8,662,390,,,,,,,,,,,,,,,,7,824,380,,,,,,
864,29013.9,,,,,,,,,,9,651,219,,,,,,,9,663,384,,,,,,,,,,,,,,,,7,825,368,,,,,,
865,29057.1,,,,,,,,,,9,646,214,,,,,,,9,665,377,,,,,,,,,,,,,,,,7,826,355,,,,,,
866,29082.0,,,,,,,,,,9,641,208,,,,,,,8,667,371,,,,,,,,,,,,,,,,7,827,342,,,,,,
867,29113.7,,,,,,,,,,9,637,203,,,,,,,9,668,365,,,,,,,,,,,,,,,,7,828,330,,,,,,
868,29146.2,,,,,,,,,,9,632,198,,,,,,,9,671,358,,,,,,,,,,,,,,,,7,828,316,,,,,,
869,29181.9,,,,,,,,,,9,628,192,,,,,,,9,673,351,,,,,,,,,,,,,,,,7,829,303,,,,,,
870,29213.9,,,,,,,,,,9,623,186,,,,,,,9,675,344,,,,,,,,,,,,,,,,7,829,289,,,,,,
871,29248.6,,,,,,,,,,9,620,181,,,,,,,8,677,337,,,,,,,,,,,,,,,,7,829,275,,,,,,
872,29282.0,,,,,,,,,,9,616,176,,,,,,,9,680,329,,,,,,,,,,,,,,,,7,829,262,,,,,,
873,29314.0,,,,,,,,,,9,613,171,,,,,,,9,683,320,,,,,,,,,,,,,,,,7,829,248,,,,,,
874,29345.9,,,,,,,,,,9,609,166,,,,,,,9,686,312,,,,,,,,,,,,,,,,7,829,234,,,,,,
875,29381.5,,,,,,,,,,9,606,160,,,,,,,9,688,304,,,,,,,,,,,,,,,,7,828,219,,,,,,
876,29413.7,,,,,,,,,,9,603,155,,,,,,,9,691,295,,,,,,,,,,,,,,,,7,828,205,,,,,,
877,29445.6,,,,,,,,,,9,600,149,,,,,,,8,694,286,,,,,,,,,,,,,,,,7,827,191,,,,,,
878,29483.0,,,,,,,,,,9,598,144,,,,,,,9,697,276,,,,,,,,,,,,,,,,7,826,176,,,,,,
879,29514.1,,,,,,,,,,9,596,138,,,,,,,9,700,267,,,,,,,,,,,,,,,,7,825,161,,,,,,
880,29545.6,,,,,,,,,,9,596,137,,,,,,,9,698,268,,,,,,,,,,,,,,,,7,825,163,,,,,,
881,29581.5,,,,,,,,,,9,597,137,,,,,,,9,696,269,,,,,,,,,,,,,,,,8,825,167,,,,,,
882,29614.0,,,,,,,,,,9,597,136,,,,,,,9,694,271,,,,,,,,,,,,,,,,8,825,170,,,,,,
883,29656.7,,,,,,,,,,9,597,136,,,,,,,9,693,272,,,,,,,,,,,,,,,,7,824,173,,,,,,
884,29682.6,,,,,,,,,,9,598,135,,,,,,,9,691,272,,,,,,,,,,,,,,,,7,824,177,,,,,,
885,29724.6,,,,,,,,,,9,598,134,,,,,,,9,690,273,,,,,,,,,,,,,,,,7,824,179,,,,,,
886,29746.8,,,,,,,,,,9,599,133,,,,,,,9,688,274,,,,,,,,,,,,,,,,7,824,182,,,,,,
887,29784.6,,,,,,,,,,9,600,132,,,,,,,9,686,275,,,,,,,,,,,,,,,,7,824,185,,,,,,
888,29814.7,,,,,,,,,,9,601,131,,,,,,,9,684,275,,,,,,,,,,,,,,,,8,824,187,,,,,,
889,29846.2,,,,,,,,,,9,601,130,,,,,,,9,683,275,,,,,,,,,,,,,,,,7,824,190,,,,,,
890,29882.3,,,,,,,,,,9,602,129,,,,,,,9,682,275,,,,,,,,,,,,,,,,7,823,193,,,,,,
891,29916.7,,,,,,,,,,9,603,128,,,,,,,8,680,275,,,,,,,,,,,,,,,,8,824,195,,,,,,
892,29951.8,,,,,,,,,,9,604,126,,,,,,,9,679,274,,,,,,,,,,,,,,,,7,823,197,,,,,,
893,29981.6,,,,,,,,,,9,605,124,,,,,,,9,677,274,,,,,,,,,,,,,,,,7,823,199,,,,,,
894,30016.0,,,,,,,,,,9,606,122,,,,,,,9,676,273,,,,,,,,,,,,,,,,8,823,201,,,,,,
895,30046.7,,,,,,,,,,9,607,121,,,,,,,9,674,273,,,,,,,,,,,,,,,,7,822,202,,,,,,
896,30081.6,,,,,,,,,,9,608,119,,,,,,,9,673,272,,,,,,,,,,,,,,,,8,822,204,,,,,,
897,30114.0,,,,,,,,,,9,609,117,,,,,,,9,672,271,,,,,,,,,,,,,,,,8,822,206,,,,,,
898,30146.0,,,,,,,,,,9,611,115,,,,,,,9,670,270,,,,,,,,,,,,,,,,7,822,207,,,,,,
899,30182.0,,,,,,,,,,9,612,113,,,,,,,9,669,269,,,,,,,,,,,,,,,,7,822,208,,,,,,
900,30213.7,,,,,,,,,,9,613,111,,,,,,,9,668,267,,,,,,,,,,,,,,,,7,821,210,,,,,,
901,30246.0,,,,,,,,,,9,614,108,,,,,,,9,667,266,,,,,,,,,,,,,,,,7,821,210,,,,,,
902,30281.7,,,,,,,,,,9,616,106,,,,,,,9,666,264,,,,,,,,,,,,,,,,7,821,211,,,,,,
903,30315.9,,,,,,,,,,9,617,103,,,,,,,9,665,263,,,,,,,,,,,,,,,,8,821,212,,,,,,
904,30346.4,,,,,,,,,,9,619,100,,,,,,,9,664,261,,,,,,,,,,,,,,,,7,820,213,,,,,,
905,30381.8,,,,,,,,,,9,620,97,,,,,,,9,662,259,,,,,,,,,,,,,,,,8,819,213,,,,,,
906,30414.0,,,,,,,,,,9,622,95,,,,,,,9,662,257,,,,,,,,,,,,,,,,7,819,214,,,,,,
907,30445.7,,,,,,,,,,9,623,92,,,,,,,9,661,255,,,,,,,,,,,,,,,,8,819,214,,,,,,
908,30481.8,,,,,,,,,,9,625,89,,,,,,,9,660,252,,,,,,,,,,,,,,,,8,819,215,,,,,,
909,30514.0,,,,,,,,,,9,626,86,,,,,,,9,659,250,,,,,,,,,,,,,,,,8,819,215,,,,,,
910,30546.2,,,,,,,,,,9,628,83,,,,,,,9,658,247,,,,,,,,,,,,,,,,8,818,214,,,,,,
911,30581.8,,,,,,,,,,9,630,79,,,,,,,9,657,244,,,,,,,,,,,,,,,,8,818,214,,,,,,
912,30614.7,,,,,,,,,,9,633,76,,,,,,,9,657,241,,,,,,,,,,,,,,,,7,817,214,,,,,,
913,30646.1,,,,,,,,,,9,634,73,,,,,,,9,656,238,,,,,,,,,,,,,,,,7,817,213,,,,,,
914,30681.9,,,,,,,,,,9,635,69,,,,,,,9,655,235,,,,,,,,,,,,,,,,7,817,212,,,,,,
915,30714.9,,,,,,,,,,9,637,65,,,,,,,9,654,231,,,,,,,,,,,,,,,,7,816,212,,,,,,
916,30745.9,,,,,,,,,,9,640,62,,,,,,,9,654,228,,,,,,,,,,,,,,,,7,816,211,,,,,,
917,30781.8,,,,,,,,,,9,641,58,,,,,,,9,653,224,,,,,,,,,,,,,,,,7,815,210,,,,,,
918,30813.7,,,,,,,,,,9,643,54,,,,,,,9,653,221,,,,,,,,,,,,,,,,7,815,209,,,,,,
919,30845.7,,,,,,,,,,9,646,50,,,,,,,9,652,217,,,,,,,,,,,,,,,,7,815,207,,,,,,
920,30881.7,,,,,,,,,,9,647,46,,,,,,,9,652,213,,,,,,,,,,,,,,,,7,815,206,,,,,,
921,30913.8,,,,,,,,,,9,650,41,,,,,,,9,651,208,,,,,,,,,,,,,,,,7,814,204,,,,,,
922,30946.5,,,,,,,,,,9,652,38,,,,,,,9,651,204,,,,,,,,,,,,,,,,7,814,203,,,,,,
923,30981.7,,,,,,,,,,9,654,33,,,,,,,9,651,200,,,,,,,,,,,,,,,,7,814,201,,,,,,
924,31013.7,,,,,,,,,,9,657,29,,,,,,,9,651,195,,,,,,,,,,,,,,,,7,814,199,,,,,,
925,31045.9,,,,,,,,,,9,659,24,,,,,,,9,650,191,,,,,,,,,,,,,,,,7,813,197,,,,,,
926,31082.5,,,,,,,,,,9,658,25,,,,,,,9,653,192,,,,,,,,,,,,,,,,7,816,194,,,,,,
927,31116.6,,,,,,,,,,9,656,26,,,,,,,9,656,194,,,,,,,,,,,,,,,,7,819,192,,,,,,
928,31146.0,,,,,,,,,,9,658,27,,,,,,,9,656,194,,,,,,,,,,,,,,,,7,819,193,,,,,,
929,31181.6,,,,,,,,,,9,659,28,,,,,,,9,657,195,,,,,,,,,,,,,,,,7,819,195,,,,,,
930,31214.1,,,,,,,,,,9,660,28,,,,,,,9,657,196,,,,,,,,,,,,,,,,8,820,196,,,,,,
931,31246.1,,,,,,,,,,9,661,29,,,,,,,9,658,196,,,,,,,,,,,,,,,,7,821,198,,,,,,
932,31281.8,,,,,,,,,,9,663,30,,,,,,,9,658,197,,,,,,,,,,,,,,,,7,822,199,,,,,,
933,31317.8,,,,,,,,,,9,664,30,,,,,,,9,659,197,,,,,,,,,,,,,,,,7,822,200,,,,,,
934,31345.9,,,,,,,,,,9,666,30,,,,,,,9,659,198,,,,,,,,,,,,,,,,7,822,201,,,,,,
935,31382.5,,,,,,,,,,9,667,31,,,,,,,9,660,197,,,,,,,,,,,,,,,,7,823,202,,,,,,
936,31413.8,,,,,,,,,,9,668,31,,,,,,,9,660,197,,,,,,,,,,,,,,,,7,823,202,,,,,,
937,31445.7,,,,,,,,,,9,670,30,,,,,,,9,661,197,,,,,,,,,,,,,,,,7,824,203,,,,,,
938,31481.6,,,,,,,,,,9,671,30,,,,,,,9,662,197,,,,,,,,,,,,,,,,8,825,204,,,,,,
939,31514.0,,,,,,,,,,9,673,30,,,,,,,9,663,197,,,,,,,,,,,,,,,,7,826,204,,,,,,
940,31546.3,,,,,,,,,,9,674,29,,,,,,,9,663,196,,,,,,,,,,,,,,,,7,826,205,,,,,,
941,31583.3,,,,,,,,,,9,676,29,,,,,,,9,664,196,,,,,,,,,,,,,,,,7,827,205,,,,,,
942,31613.7,,,,,,,,,,9,677,28,,,,,,,9,665,195,,,,,,,,,,,,,,,,7,827,205,,,,,,
943,31645.8,,,,,,,,,,9,679,27,,,,,,,9,666,194,,,,,,,,,,,,,,,,8,828,205,,,,,,
944,31684.7,,,,,,,,,,9,681,26,,,,,,,9,666,193,,,,,,,,,,,,,,,,7,829,205,,,,,,
945,31713.9,,,,,,,,,,9,682,26,,,,,,,9,668,193,,,,,,,,,,,,,,,,7,830,205,,,,,,
946,31745.9,,,,,,,,,,9,684,25,,,,,,,9,668,191,,,,,,,,,,,,,,,,8,831,204,,,,,,
947,31781.7,,,,,,,,,,9,684,25,,,,,,,9,670,192,,,,,,,,,,,,,,,,7,833,203,,,,,,
948,31813.9,,,,,,,,,,9,685,26,,,,,,,9,672,192,,,,,,,,,,,,,,,,7,834,203,,,,,,
949,31845.9,,,,,,,,,,9,685,26,,,,,,,9,673,193,,,,,,,,,,,,,,,,7,836,202,,,,,,
950,31881.7,,,,,,,,,,9,686,26,,,,,,,9,675,193,,,,,,,,,,,,,,,,7,838,201,,,,,,
951,31914.1,,,,,,,,,,9,686,26,,,,,,,9,676,193,,,,,,,,,,,,,,,,7,839,200,,,,,,
952,31946.6,,,,,,,,,,9,687,26,,,,,,,9,677,193,,,,,,,,,,,,,,,,7,839,201,,,,,,
953,31981.8,,,,,,,,,,9,688,26,,,,,,,9,677,193,,,,,,,,,,,,,,,,7,839,202,,,,,,
954,32013.8,,,,,,,,,,9,689,28,,,,,,,9,677,195,,,,,,,,,,,,,,,,7,839,205,,,,,,
955,32047.8,,,,,,,,,,9,689,32,,,,,,,9,677,199,,,,,,,,,,,,,,,,8,840,208,,,,,,
956,32081.7,,,,,,,,,,9,689,36,,,,,,,9,678,203,,,,,,,,,,,,,,,,7,841,211,,,,,,
957,32113.6,,,,,,,,,,9,689,40,,,,,,,9,679,208,,,,,,,,,,,,,,,,8,841,216,,,,,,
958,32145.9,,,,,,,,,,9,690,46,,,,,,,9,679,214,,,,,,,,,,,,,,,,7,841,221,,,,,,
959,32182.0,,,,,,,,,,9,690,53,,,,,,,9,679,221,,,,,,,,,,,,,,,,7,842,228,,,,,,
960,32216.7,,,,,,,,,,9,690,60,,,,,,,9,678,229,,,,,,,,,,,,,,,,7,841,237,,,,,,
961,32245.9,,,,,,,,,,9,688,70,,,,,,,9,676,239,,,,,,,,,,,,,,,,7,839,247,,,,,,
962,32281.5,,,,,,,,,,9,686,81,,,,,,,9,674,249,,,,,,,,,,,,,,,,7,836,258,,,,,,
963,32314.0,,,,,,,,,,9,683,89,,,,,,,9,670,258,,,,,,,,,,,,,,,,7,832,267,,,,,,
964,32345.9,,,,,,,,,,9,680,98,,,,,,,9,662,266,,,,,,,,,,,,,,,,7,824,280,,,,,,
965,32382.9,,,,,,,,,,9,676,109,,,,,,,9,653,276,,,,,,,,,,,,,,,,7,815,295,,,,,,
966,32413.6,,,,,,,,,,9,671,122,,,,,,,9,646,290,,,,,,,,,,,,,,,,7,807,311,,,,,,
967,32445.8,,,,,,,,,,9,667,138,,,,,,,9,640,305,,,,,,,,,,,,,,,,7,800,328,,,,,,
968,32481.6,,,,,,,,,,9,661,154,,,,,,,9,633,320,,,,,,,,,,,,,,,,7,793,345,,,,,,
969,32520.6,,,,,,,,,,9,657,169,,,,,,,9,626,335,,,,,,,,,,,,,,,,7,786,362,,,,,,
970,32551.0,,,,,,,,,,9,652,184,,,,,,,8,619,349,,,,,,,,,,,,,,,,7,779,378,,,,,,
971,32582.2,,,,,,,,,,9,647,200,,,,,,,8,613,364,,,,,,,,,,,,,,,,7,771,395,,,,,,
972,32613.9,,,,,,,,,,9,643,216,,,,,,,8,606,379,,,,,,,,,,,,,,,,7,764,412,,,,,,
973,32645.9,,,,,,,,,,9,638,231,,,,,,,8,600,394,,,,,,,,,,,,,,,,7,757,429,,,,,,
974,32682.1,,,,,,,,,,9,634,246,,,,,,,8,593,408,,,,,,,,,,,,,,,,7,750,445,,,,,,
975,32715.6,,,,,,,,,,9,629,261,,,,,,,8,587,422,,,,,,,,,,,,,,,,7,744,461,,,,,,
976,32750.8,,,,,,,,,,9,624,276,,,,,,,8,581,437,,,,,,,,,,,,,,,,7,737,478,,,,,,
977,32781.7,,,,,,,,,,9,620,291,,,,,,,8,574,451,,,,,,,,,,,,,,,,7,730,494,,,,,,
978,32814.6,,,,,,,,,,9,616,307,,,,,,,8,569,466,,,,,,,,,,,,,,,,7,723,510,,,,,,
979,32846.1,,,,,,,,,,9,612,322,,,,,,,8,563,480,,,,,,,,,,,,,,,,7,717,526,,,,,,
980,32881.9,,,,,,,,,,9,607,337,,,,,,,8,556,494,,,,,,,,,,,,,,,,7,710,543,,,,,,
981,32913.8,,,,,,,,,,9,603,352,,,,,,,8,550,508,,,,,,,,,,,,,,,,7,703,559,,,,,,
982,32945.8,,,,,,,,,,9,599,367,,,,,,,8,544,522,,,,,,,,,,,,,,,,7,696,575,,,,,,
983,32982.6,,,,,,,,,,9,595,382,,,,,,,8,538,537,,,,,,,,,,,,,,,,7,690,591,,,,,,
984,33013.8,,,,,,,,,,8,591,397,,,,,,,8,532,551,,,,,,,,,,,,,,,,7,683,608,,,,,,
985,33048.1,,,,,,,,,,8,587,412,,,,,,,8,526,566,,,,,,,,,,,,,,,,7,677,624,,,,,,
986,33082.3,,,,,,,,,,8,582,427,,,,,,,8,520,580,,,,,,,,,,,,,,,,7,670,640,,,,,,
987,33114.0,,,,,,,,,,8,579,442,,,,,,,8,514,594,,,,,,,,,,,,,,,,7,664,656,,,,,,
988,33148.1,,,,,,,,,,8,575,458,,,,,,,8,508,608,,,,,,,,,,,,,,,,7,657,673,,,,,,
989,33184.5,,,,,,,,,,8,571,473,,,,,,,8,503,623,,,,,,,,,,,,,,,,7,650,689,,,,,,
990,33213.9,,,,,,,,,,9,567,488,,,,,,,9,497,638,,,,,,,,,,,,,,,,7,644,706,,,,,,
991,33245.8,,,,,,,,,,9,563,504,,,,,,,9,491,652,,,,,,,,,,,,,,,,7,637,722,,,,,,
992,33281.8,,,,,,,,,,8,559,519,,,,,,,9,486,667,,,,,,,,,,,,,,,,7,631,738,,,,,,
993,33313.6,,,,,,,,,,9,555,534,,,,,,,9,480,681,,,,,,,,,,,,,,,,7,625,755,,,,,,
994,33345.9,,,,,,,,,,9,551,550,,,,,,,9,474,696,,,,,,,,,,,,,,,,7,618,772,,,,,,
995,33382.6,,,,,,,,,,8,548,565,,,,,,,9,468,711,,,,,,,,,,,,,,,,7,611,789,,,,,,
996,33413.9,,,,,,,,,,9,544,581,,,,,,,9,463,726,,,,,,,,,,,,,,,,7,605,806,,,,,,
997,33446.3,,,,,,,,,,9,541,597,,,,,,,9,457,741,,,,,,,,,,,,,,,,7,599,822,,,,,,
998,33481.8,,,,,,,,,,8,537,613,,,,,,,9,452,756,,,,,,,,,,,,,,,,7,592,840,,,,,,
999,33513.7,,,,,,,,,,8,533,629,,,,,,,8,446,771,,,,,,,,,,,,,,,,7,585,857,,,,,,
1000,33546.0,,,,,,,,,,8,529,645,,,,,,,9,441,787,,,,,,,,,,,,,,,,7,579,874,,,,,,
1001,33581.7,,,,,,,,,,9,526,662,,,,,,,8,435,803,,,,,,,,,,,,,,,,7,573,892,,,,,,
1002,33613.7,,,,,,,,,,9,522,679,,,,,,,8,429,819,,,,,,,,,,,,,,,,7,566,909,,,,,,
1003,33646.0,,,,,,,,,,9,518,695,,,,,,,8,424,835,,,,,,,,,,,,,,,,7,560,927,,,,,,
1004,33681.8,,,,,,,,,,9,515,712,,,,,,,8,419,851,,,,,,,,,,,,,,,,8,554,945,,,,,,
1005,33715.8,,,,,,,,,,9,511,729,,,,,,,8,414,867,,,,,,,,,,,,,,,,8,546,963,,,,,,
1006,33746.1,,,,,,,,,,9,507,746,,,,,,,8,408,884,,,,,,,,,,,,,,,,8,540,981,,,,,,
1007,33781.9,,,,,,,,,,9,502,759,,,,,,,9,403,895,,,,,,,,,,,,,,,,8,537,990,,,,,,
1008,33813.9,,,,,,,,,,9,492,757,,,,,,,9,398,896,,,,,,,,,,,,,,,,8,536,986,,,,,,
1009,33847.3,,,,,,,,,,9,483,755,,,,,,,8,394,898,,,,,,,,,,,,,,,,8,535,982,,,,,,
1010,33881.9,,,,,,,,,,9,473,754,,,,,,,9,389,901,,,,,,,,,,,,,,,,8,534,979,,,,,,
1011,33914.5,,,,,,,,,,9,464,754,,,,,,,9,386,903,,,,,,,,,,,,,,,,8,533,976,,,,,,
1012,33945.8,,,,,,,,,,9,453,752,,,,,,,8,382,906,,,,,,,,,,,,,,,,8,532,972,,,,,,
1013,33981.5,,,,,,,,,,9,444,752,,,,,,,8,378,908,,,,,,,,,,,,,,,,8,531,968,,,,,,
1014,34013.6,,,,,,,,,,9,434,752,,,,,,,9,375,910,,,,,,,,,,,,,,,,8,529,964,,,,,,
1015,34045.9,,,,,,,,,,9,425,753,,,,,,,8,371,913,,,,,,,,,,,,,,,,8,528,960,,,,,,
1016,34082.0,,,,,,,,,,9,416,754,,,,,,,8,368,916,,,,,,,,,,,,,,,,7,527,957,,,,,,
1017,34115.2,,,,,,,,,,9,406,754,,,,,,,9,365,918,,,,,,,,,,,,,,,,7,526,953,,,,,,
1018,34146.0,,,,,,,,,,9,397,755,,,,,,,9,362,920,,,,,,,,,,,,,,,,8,524,949,,,,,,
1019,34182.0,,,,,,,,,,9,388,757,,,,,,,9,360,923,,,,,,,,,,,,,,,,8,523,945,,,,,,
1020,34215.2,,,,,,,,,,9,379,759,,,,,,,8,357,926,,,,,,,,,,,,,,,,8,521,941,,,,,,
1021,34245.9,,,,,,,,,,9,370,760,,,,,,,9,355,929,,,,,,,,,,,,,,,,8,519,937,,,,,,
1022,34281.5,,,,,,,,,,9,361,763,,,,,,,9,352,931,,,,,,,,,,,,,,,,8,517,934,,,,,,
1023,34313.7,,,,,,,,,,9,352,765,,,,,,,8,350,934,,,,,,,,,,,,,,,,8,515,930,,,,,,
1024,34348.7,,,,,,,,,,9,344,769,,,,,,,9,348,937,,,,,,,,,,,,,,,,8,513,926,,,,,,
1025,34383.4,,,,,,,,,,9,335,771,,,,,,,8,346,939,,,,,,,,,,,,,,,,8,510,922,,,,,,
1026,34413.6,,,,,,,,,,9,327,774,,,,,,,9,344,942,,,,,,,,,,,,,,,,8,508,918,,,,,,
1027,34446.3,,,,,,,,,,9,319,778,,,,,,,9,343,945,,,,,,,,,,,,,,,,8,505,914,,,,,,
1028,34482.1,,,,,,,,,,9,311,782,,,,,,,9,341,947,,,,,,,,,,,,,,,,8,503,911,,,,,,
1029,34513.9,,,,,,,,,,9,303,785,,,,,,,9,339,949,,,,,,,,,,,,,,,,8,500,907,,,,,,
1030,34546.7,,,,,,,,,,9,295,790,,,,,,,9,338,952,,,,,,,,,,,,,,,,8,497,903,,,,,,
1031,34582.6,,,,,,,,,,9,287,794,,,,,,,9,337,954,,,,,,,,,,,,,,,,8,494,899,,,,,,
1032,34614.1,,,,,,,,,,9,280,799,,,,,,,9,335,957,,,,,,,,,,,,,,,,8,490,896,,,,,,
1033,34648.1,,,,,,,,,,9,272,804,,,,,,,9,334,959,,,,,,,,,,,,,,,,8,487,892,,,,,,
1034,34713.4,,,,,,,,,,9,258,814,,,,,,,9,332,964,,,,,,,,,,,,,,,,8,480,886,,,,,,
1035,34746.1,,,,,,,,,,9,251,819,,,,,,,9,331,966,,,,,,,,,,,,,,,,7,475,882,,,,,,
1036,34789.2,,,,,,,,,,9,244,825,,,,,,,9,329,968,,,,,,,,,,,,,,,,7,471,879,,,,,,
1037,34814.1,,,,,,,,,,9,238,831,,,,,,,9,329,970,,,,,,,,,,,,,,,,8,467,875,,,,,,
1038,34846.6,,,,,,,,,,9,231,836,,,,,,,8,327,973,,,,,,,,,,,,,,,,8,462,873,,,,,,
1039,34881.9,,,,,,,,,,9,225,843,,,,,,,9,326,975,,,,,,,,,,,,,,,,8,457,869,,,,,,
1040,34914.7,,,,,,,,,,9,219,848,,,,,,,9,326,976,,,,,,,,,,,,,,,,8,452,866,,,,,,
1041,34945.8,,,,,,,,,,9,212,855,,,,,,,9,325,979,,,,,,,,,,,,,,,,7,447,864,,,,,,
1042,34982.0,,,,,,,,,,9,207,861,,,,,,,9,324,981,,,,,,,,,,,,,,,,8,442,861,,,,,,
1043,35013.8,,,,,,,,,,9,201,868,,,,,,,9,323,982,,,,,,,,,,,,,,,,8,436,858,,,,,,
1044,35045.9,,,,,,,,,,9,195,875,,,,,,,9,322,984,,,,,,,,,,,,,,,,8,431,856,,,,,,
1045,35082.1,,,,,,,,,,10,190,881,,,,,,,9,321,986,,,,,,,,,,,,,,,,8,425,854,,,,,,
1046,35113.6,,,,,,,,,,9,185,889,,,,,,,9,319,988,,,,,,,,,,,,,,,,8,419,852,,,,,,
1047,35145.9,,,,,,,,,,9,180,895,,,,,,,9,318,989,,,,,,,,,,,,,,,,8,413,850,,,,,,
1048,35182.0,,,,,,,,,,9,174,902,,,,,,,9,318,991,,,,,,,,,,,,,,,,8,406,848,,,,,,
1049,35213.8,,,,,,,,,,9,170,910,,,,,,,9,316,993,,,,,,,,,,,,,,,,8,399,846,,,,,,
1050,35245.8,,,,,,,,,,9,166,917,,,,,,,9,315,994,,,,,,,,,,,,,,,,8,393,844,,,,,,
1051,35281.9,,,,,,,,,,9,161,924,,,,,,,9,314,995,,,,,,,,,,,,,,,,8,385,842,,,,,,
1052,35315.9,,,,,,,,,,9,157,931,,,,,,,9,313,994,,,,,,,,,,,,,,,,8,377,839,,,,,,
1053,35347.9,,,,,,,,,,9,153,938,,,,,,,9,312,994,,,,,,,,,,,,,,,,8,369,836,,,,,,
1054,35381.7,,,,,,,,,,9,150,945,,,,,,,9,311,994,,,,,,,,,,,,,,,,8,362,834,,,,,,
1055,35414.1,,,,,,,,,,9,146,951,,,,,,,9,310,993,,,,,,,,,,,,,,,,8,353,831,,,,,,
1056,35448.7,,,,,,,,,,9,143,959,,,,,,,9,309,993,,,,,,,,,,,,,,,,8,345,829,,,,,,
1057,35482.0,,,,,,,,,,9,140,965,,,,,,,9,307,992,,,,,,,,,,,,,,,,7,336,827,,,,,,
1058,35515.4,,,,,,,,,,9,137,972,,,,,,,9,305,991,,,,,,,,,,,,,,,,8,326,826,,,,,,
1059,35545.8,,,,,,,,,,9,134,979,,,,,,,9,303,990,,,,,,,,,,,,,,,,8,317,824,,,,,,
1060,35582.1,,,,,,,,,,9,132,986,,,,,,,9,302,989,,,,,,,,,,,,,,,,8,307,822,,,,,,
1061,35613.8,,,,,,,,,,9,130,993,,,,,,,9,299,988,,,,,,,,,,,,,,,,8,298,822,,,,,,
1062,35646.2,,,,,,,,,,9,127,999,,,,,,,9,297,987,,,,,,,,,,,,,,,,8,288,821,,,,,,
1063,35682.0,,,,,,,,,,9,123,998,,,,,,,9,292,985,,,,,,,,,,,,,,,,8,281,819,,,,,,
