frame_no,timestamp,size_px-darkorange,position_px_x-darkorange,position_px_y-darkorange,rx-darkorange,ry-darkorange,vx-darkorange,vy-darkorange,ax-darkorange,ay-darkorange,size_px-green,position_px_x-green,position_px_y-green,rx-green,ry-green,vx-green,vy-green,ax-green,ay-green,size_px-lightorange,position_px_x-lightorange,position_px_y-lightorange,rx-lightorange,ry-lightorange,vx-lightorange,vy-lightorange,ax-lightorange,ay-lightorange,size_px-yellowneon,position_px_x-yellowneon,position_px_y-yellowneon,rx-yellowneon,ry-yellowneon,vx-yellowneon,vy-yellowneon,ax-yellowneon,ay-yellowneon
0,140.6,31,21,49,,,,,,,,,,,,,,,,65,676,926,,,,,,,,,,,,,,,
1,140.6,28,20,54,,,,,,,,,,,,,,,,51,475,918,,,,,,,,,,,,,,,
2,238.8,21,14,55,,,,,,,,,,,,,,,,49,1013,871,,,,,,,,,,,,,,,
3,260.5,12,74,381,,,,,,,,,,,,,,,,16,192,15,,,,,,,,,,,,,,,
4,280.3,19,57,371,,,,,,,,,,,,,,,,59,203,40,,,,,,,,,,,,,,,
5,293.4,,,,,,,,,,13,95,574,,,,,,,,,,,,,,,,15,1058,688,,,,,,
6,314.4,,,,,,,,,,,,,,,,,,,,,,,,,,,,14,1058,688,,,,,,
7,325.3,,,,,,,,,,,,,,,,,,,,,,,,,,,,15,1058,688,,,,,,
8,335.0,,,,,,,,,,,,,,,,,,,,,,,,,,,,13,1060,687,,,,,,
9,345.3,,,,,,,,,,14,95,575,,,,,,,13,247,562,,,,,,,14,1057,688,,,,,,
10,353.3,,,,,,,,,,14,95,575,,,,,,,13,247,562,,,,,,,14,1058,688,,,,,,
11,377.7,,,,,,,,,,14,95,575,,,,,,,13,246,561,,,,,,,14,1058,688,,,,,,
12,409.8,,,,,,,,,,14,94,575,,,,,,,13,247,561,,,,,,,14,1058,689,,,,,,
13,441.9,,,,,,,,,,14,95,575,,,,,,,13,247,562,,,,,,,14,1058,688,,,,,,
14,477.7,,,,,,,,,,14,95,575,,,,,,,13,247,562,,,,,,,15,1058,688,,,,,,
15,509.8,,,,,,,,,,14,95,575,,,,,,,13,247,561,,,,,,,14,1058,688,,,,,,
16,542.0,,,,,,,,,,14,95,575,,,,,,,13,247,562,,,,,,,15,1058,688,,,,,,
17,578.1,,,,,,,,,,14,95,575,,,,,,,13,247,561,,,,,,,14,1058,689,,,,,,
18,609.8,,,,,,,,,,14,95,575,,,,,,,13,247,561,,,,,,,14,1057,688,,,,,,
19,642.0,,,,,,,,,,14,95,575,,,,,,,13,246,561,,,,,,,14,1058,689,,,,,,
20,677.8,,,,,,,,,,14,95,575,,,,,,,13,246,562,,,,,,,15,1058,689,,,,,,
21,709.9,,,,,,,,,,14,95,575,,,,,,,13,246,561,,,,,,,14,1058,688,,,,,,
22,742.1,,,,,,,,,,14,95,575,,,,,,,13,247,561,,,,,,,14,1058,688,,,,,,
23,778.0,,,,,,,,,,14,95,575,,,,,,,13,247,562,,,,,,,15,1058,688,,,,,,
24,810.0,,,,,,,,,,14,95,575,,,,,,,13,247,562,,,,,,,14,1057,689,,,,,,
25,844.3,,,,,,,,,,14,95,575,,,,,,,13,247,561,,,,,,,14,1058,688,,,,,,
26,878.1,,,,,,,,,,14,95,575,,,,,,,13,247,562,,,,,,,14,1057,688,,,,,,
27,910.7,,,,,,,,,,14,95,575,,,,,,,13,247,561,,,,,,,14,1058,688,,,,,,
28,942.4,,,,,,,,,,14,95,575,,,,,,,13,247,562,,,,,,,14,1057,688,,,,,,
29,978.3,,,,,,,,,,14,95,575,,,,,,,13,247,562,,,,,,,14,1057,689,,,,,,
30,1010.4,,,,,,,,,,14,95,575,,,,,,,13,247,562,,,,,,,14,1057,688,,,,,,
31,1042.3,,,,,,,,,,14,95,575,,,,,,,13,247,561,,,,,,,14,1058,689,,,,,,
32,1078.0,,,,,,,,,,15,96,575,,,,,,,13,247,562,,,,,,,14,1058,688,,,,,,
33,1111.1,,,,,,,,,,14,95,575,,,,,,,13,247,562,,,,,,,14,1057,689,,,,,,
34,1143.0,,,,,,,,,,15,96,576,,,,,,,13,247,562,,,,,,,14,1058,688,,,,,,
35,1178.0,,,,,,,,,,15,96,575,,,,,,,13,247,561,,,,,,,14,1057,688,,,,,,
36,1210.2,,,,,,,,,,14,95,575,,,,,,,13,246,561,,,,,,,14,1058,688,,,,,,
37,1242.4,,,,,,,,,,15,96,575,,,,,,,13,246,562,,,,,,,14,1058,689,,,,,,
38,1278.0,,,,,,,,,,14,95,575,,,,,,,13,247,562,,,,,,,14,1057,688,,,,,,
39,1310.1,,,,,,,,,,14,95,575,,,,,,,13,247,561,,,,,,,14,1058,689,,,,,,
40,1343.2,,,,,,,,,,14,95,575,,,,,,,13,246,561,,,,,,,14,1057,688,,,,,,
41,1378.0,,,,,,,,,,15,95,575,,,,,,,13,246,561,,,,,,,14,1058,688,,,,,,
42,1410.0,,,,,,,,,,14,95,575,,,,,,,13,246,561,,,,,,,14,1057,689,,,,,,
43,1442.7,,,,,,,,,,15,95,575,,,,,,,13,246,561,,,,,,,14,1057,688,,,,,,
44,1478.0,,,,,,,,,,14,95,575,,,,,,,13,246,561,,,,,,,14,1057,688,,,,,,
45,1510.1,,,,,,,,,,14,95,575,,,,,,,13,246,561,,,,,,,14,1057,688,,,,,,
46,1542.5,,,,,,,,,,15,95,574,,,,,,,13,246,561,,,,,,,14,1058,688,,,,,,
47,1578.0,,,,,,,,,,15,96,575,,,,,,,13,247,562,,,,,,,14,1058,688,,,,,,
48,1610.1,,,,,,,,,,14,95,575,,,,,,,13,246,561,,,,,,,14,1058,688,,,,,,
49,1642.1,,,,,,,,,,14,95,575,,,,,,,13,247,562,,,,,,,14,1058,688,,,,,,
50,1677.9,,,,,,,,,,14,95,575,,,,,,,13,246,561,,,,,,,14,1058,688,,,,,,
51,1710.3,,,,,,,,,,14,95,575,,,,,,,12,247,561,,,,,,,14,1058,688,,,,,,
52,1742.3,,,,,,,,,,14,95,575,,,,,,,13,246,561,,,,,,,14,1058,688,,,,,,
53,1777.7,,,,,,,,,,14,95,574,,,,,,,12,246,562,,,,,,,14,1058,688,,,,,,
54,1810.2,,,,,,,,,,14,95,575,,,,,,,13,246,561,,,,,,,15,1058,687,,,,,,
55,1842.3,,,,,,,,,,14,95,575,,,,,,,13,247,562,,,,,,,15,1058,687,,,,,,
56,1878.4,,,,,,,,,,14,95,575,,,,,,,13,246,561,,,,,,,14,1058,688,,,,,,
57,1910.4,,,,,,,,,,14,95,575,,,,,,,13,246,561,,,,,,,14,1057,688,,,,,,
58,1943.1,,,,,,,,,,14,95,575,,,,,,,13,247,562,,,,,,,14,1057,688,,,,,,
59,1978.2,,,,,,,,,,15,95,574,,,,,,,13,246,561,,,,,,,14,1057,688,,,,,,
60,2010.4,,,,,,,,,,14,95,574,,,,,,,12,247,561,,,,,,,14,1057,688,,,,,,
61,2047.0,,,,,,,,,,15,95,574,,,,,,,12,246,561,,,,,,,14,1058,688,,,,,,
62,2079.1,,,,,,,,,,15,96,574,,,,,,,12,247,561,,,,,,,14,1058,688,,,,,,
63,2111.0,,,,,,,,,,15,95,574,,,,,,,12,247,561,,,,,,,14,1057,688,,,,,,
64,2146.5,,,,,,,,,,15,95,574,,,,,,,12,247,562,,,,,,,15,1058,688,,,,,,
65,2178.3,,,,,,,,,,14,95,575,,,,,,,13,247,562,,,,,,,14,1058,688,,,,,,
66,2210.7,,,,,,,,,,15,95,573,,,,,,,13,246,561,,,,,,,14,1058,688,,,,,,
67,2242.2,,,,,,,,,,15,96,575,,,,,,,13,246,561,,,,,,,14,1058,688,,,,,,
68,2277.7,,,,,,,,,,15,95,574,,,,,,,13,246,561,,,,,,,14,1058,688,,,,,,
69,2310.4,,,,,,,,,,15,95,573,,,,,,,12,247,561,,,,,,,14,1058,688,,,,,,
70,2346.4,,,,,,,,,,14,96,574,,,,,,,12,246,562,,,,,,,14,1058,688,,,,,,
71,2378.3,,,,,,,,,,15,96,574,,,,,,,13,246,561,,,,,,,14,1058,688,,,,,,
72,2410.4,,,,,,,,,,14,95,574,,,,,,,12,247,561,,,,,,,14,1057,688,,,,,,
73,2442.6,,,,,,,,,,15,95,574,,,,,,,13,247,562,,,,,,,14,1058,688,,,,,,
74,2478.1,,,,,,,,,,15,96,574,,,,,,,12,247,562,,,,,,,14,1057,688,,,,,,
75,2510.4,,,,,,,,,,14,95,575,,,,,,,12,246,562,,,,,,,14,1057,688,,,,,,
76,2546.4,,,,,,,,,,15,96,575,,,,,,,13,246,561,,,,,,,14,1058,689,,,,,,
77,2610.0,,,,,,,,,,14,95,575,,,,,,,12,247,561,,,,,,,14,1057,688,,,,,,
78,2642.5,,,,,,,,,,15,95,574,,,,,,,12,246,562,,,,,,,14,1057,688,,,,,,
79,2678.0,,,,,,,,,,15,96,574,,,,,,,12,246,561,,,,,,,14,1058,688,,,,,,
80,2710.4,,,,,,,,,,14,95,575,,,,,,,13,247,562,,,,,,,14,1058,688,,,,,,
81,2742.1,,,,,,,,,,14,95,574,,,,,,,12,246,562,,,,,,,14,1057,688,,,,,,
82,2777.9,,,,,,,,,,14,95,575,,,,,,,12,246,561,,,,,,,14,1057,688,,,,,,
83,2810.2,,,,,,,,,,14,95,575,,,,,,,12,246,562,,,,,,,14,1058,688,,,,,,
84,2842.5,,,,,,,,,,14,95,574,,,,,,,12,247,561,,,,,,,14,1057,689,,,,,,
85,2878.8,,,,,,,,,,15,96,574,,,,,,,12,247,562,,,,,,,14,1058,688,,,,,,
86,2913.8,,,,,,,,,,14,95,575,,,,,,,13,246,561,,,,,,,14,1057,688,,,,,,
87,2943.1,,,,,,,,,,14,95,575,,,,,,,12,247,562,,,,,,,14,1058,689,,,,,,
88,2978.2,,,,,,,,,,14,95,574,,,,,,,12,247,562,,,,,,,14,1057,688,,,,,,
89,3012.0,,,,,,,,,,15,96,574,,,,,,,13,247,562,,,,,,,14,1058,689,,,,,,
90,3042.6,,,,,,,,,,14,95,575,,,,,,,12,246,562,,,,,,,14,1058,689,,,,,,
91,3078.0,,,,,,,,,,15,96,574,,,,,,,12,246,561,,,,,,,14,1058,690,,,,,,
92,3110.1,,,,,,,,,,15,96,574,,,,,,,12,247,562,,,,,,,14,1058,687,,,,,,
93,3142.2,,,,,,,,,,15,95,574,,,,,,,12,246,562,,,,,,,14,1058,688,,,,,,
94,3178.0,,,,,,,,,,14,95,574,,,,,,,12,246,561,,,,,,,14,1058,689,,,,,,
95,3210.2,,,,,,,,,,15,95,574,,,,,,,13,246,561,,,,,,,14,1058,689,,,,,,
96,3242.2,,,,,,,,,,14,95,574,,,,,,,12,247,561,,,,,,,14,1058,689,,,,,,
97,3278.0,,,,,,,,,,15,95,573,,,,,,,12,247,560,,,,,,,14,1058,688,,,,,,
98,3310.0,,,,,,,,,,14,95,573,,,,,,,12,247,561,,,,,,,14,1058,688,,,,,,
99,3342.2,,,,,,,,,,14,95,573,,,,,,,12,247,559,,,,,,,14,1058,689,,,,,,
100,3378.1,,,,,,,,,,14,96,572,,,,,,,12,247,559,,,,,,,14,1058,688,,,,,,
101,3410.9,,,,,,,,,,14,96,571,,,,,,,12,247,558,,,,,,,14,1058,689,,,,,,
102,3442.3,,,,,,,,,,14,96,570,,,,,,,12,247,558,,,,,,,14,1058,688,,,,,,
103,3478.2,,,,,,,,,,15,96,569,,,,,,,12,248,557,,,,,,,14,1059,688,,,,,,
104,3510.4,,,,,,,,,,14,96,568,,,,,,,12,248,555,,,,,,,14,1058,689,,,,,,
105,3542.6,,,,,,,,,,14,96,566,,,,,,,12,248,555,,,,,,,14,1059,689,,,,,,
106,3578.1,,,,,,,,,,14,97,566,,,,,,,12,248,554,,,,,,,14,1058,689,,,,,,
107,3610.6,,,,,,,,,,14,97,565,,,,,,,12,248,554,,,,,,,14,1058,689,,,,,,
108,3644.5,,,,,,,,,,14,97,564,,,,,,,12,249,553,,,,,,,14,1059,689,,,,,,
109,3682.3,,,,,,,,,,14,97,562,,,,,,,12,249,551,,,,,,,14,1058,689,,,,,,
110,3710.3,,,,,,,,,,15,98,561,,,,,,,12,249,550,,,,,,,14,1059,688,,,,,,
111,3742.2,,,,,,,,,,14,98,560,,,,,,,12,250,550,,,,,,,14,1058,689,,,,,,
112,3778.0,,,,,,,,,,14,98,558,,,,,,,12,250,548,,,,,,,14,1058,689,,,,,,
113,3810.7,,,,,,,,,,14,98,558,,,,,,,12,250,547,,,,,,,14,1059,689,,,,,,
114,3842.3,,,,,,,,,,15,99,556,,,,,,,12,250,546,,,,,,,14,1059,689,,,,,,
115,3878.0,,,,,,,,,,14,99,555,,,,,,,12,251,544,,,,,,,14,1059,688,,,,,,
116,3910.4,,,,,,,,,,14,99,553,,,,,,,12,251,543,,,,,,,14,1059,688,,,,,,
117,3942.4,,,,,,,,,,14,100,551,,,,,,,12,251,542,,,,,,,14,1059,688,,,,,,
118,3977.9,,,,,,,,,,14,100,550,,,,,,,12,252,541,,,,,,,14,1059,689,,,,,,
119,4010.6,,,,,,,,,,14,101,549,,,,,,,12,252,539,,,,,,,14,1059,689,,,,,,
120,4042.1,,,,,,,,,,14,101,546,,,,,,,12,252,538,,,,,,,14,1059,688,,,,,,
121,4077.8,,,,,,,,,,14,101,544,,,,,,,12,253,536,,,,,,,14,1059,688,,,,,,
122,4109.8,,,,,,,,,,14,101,543,,,,,,,12,253,535,,,,,,,14,1059,688,,,,,,
123,4142.2,,,,,,,,,,14,102,542,,,,,,,12,254,534,,,,,,,14,1059,689,,,,,,
124,4177.9,,,,,,,,,,14,102,540,,,,,,,12,254,533,,,,,,,14,1059,688,,,,,,
125,4210.4,,,,,,,,,,14,102,539,,,,,,,12,254,532,,,,,,,14,1059,688,,,,,,
126,4242.4,,,,,,,,,,14,103,537,,,,,,,12,255,530,,,,,,,14,1059,688,,,,,,
127,4277.9,,,,,,,,,,14,103,536,,,,,,,12,255,529,,,,,,,14,1059,688,,,,,,
128,4309.9,,,,,,,,,,15,103,533,,,,,,,12,255,528,,,,,,,14,1059,688,,,,,,
129,4342.4,,,,,,,,,,14,104,532,,,,,,,12,256,526,,,,,,,14,1059,688,,,,,,
130,4377.9,,,,,,,,,,15,105,530,,,,,,,12,256,525,,,,,,,14,1059,688,,,,,,
131,4410.0,,,,,,,,,,14,105,528,,,,,,,12,257,522,,,,,,,14,1059,688,,,,,,
132,4442.2,,,,,,,,,,14,105,525,,,,,,,12,258,521,,,,,,,14,1059,688,,,,,,
133,4478.3,,,,,,,,,,15,106,523,,,,,,,12,258,520,,,,,,,14,1059,688,,,,,,
134,4510.1,,,,,,,,,,14,107,521,,,,,,,12,259,517,,,,,,,14,1059,688,,,,,,
135,4542.5,,,,,,,,,,15,108,520,,,,,,,12,259,515,,,,,,,14,1060,688,,,,,,
136,4578.4,,,,,,,,,,14,107,518,,,,,,,12,259,514,,,,,,,14,1059,689,,,,,,
137,4610.1,,,,,,,,,,14,108,518,,,,,,,12,260,514,,,,,,,14,1059,688,,,,,,
138,4642.3,,,,,,,,,,14,108,516,,,,,,,12,260,513,,,,,,,14,1060,688,,,,,,
139,4677.9,,,,,,,,,,14,108,515,,,,,,,12,260,513,,,,,,,14,1060,688,,,,,,
140,4710.3,,,,,,,,,,15,109,516,,,,,,,12,260,512,,,,,,,14,1060,688,,,,,,
141,4742.4,,,,,,,,,,14,108,514,,,,,,,12,260,511,,,,,,,14,1060,688,,,,,,
142,4778.0,,,,,,,,,,14,109,513,,,,,,,12,260,510,,,,,,,14,1060,688,,,,,,
143,4814.6,,,,,,,,,,14,109,513,,,,,,,12,261,510,,,,,,,14,1060,688,,,,,,
144,4846.1,,,,,,,,,,14,109,512,,,,,,,12,261,510,,,,,,,14,1060,688,,,,,,
145,4878.1,,,,,,,,,,14,109,512,,,,,,,12,261,509,,,,,,,14,1060,688,,,,,,
146,4910.2,,,,,,,,,,14,109,512,,,,,,,12,261,509,,,,,,,14,1059,688,,,,,,
147,4943.1,,,,,,,,,,14,109,511,,,,,,,12,261,509,,,,,,,14,1060,687,,,,,,
148,4978.3,,,,,,,,,,15,110,511,,,,,,,12,261,509,,,,,,,14,1060,688,,,,,,
149,5010.1,,,,,,,,,,14,110,510,,,,,,,12,261,508,,,,,,,14,1059,689,,,,,,
150,5042.2,,,,,,,,,,14,110,509,,,,,,,12,262,507,,,,,,,14,1060,687,,,,,,
151,5078.0,,,,,,,,,,14,110,509,,,,,,,12,262,507,,,,,,,14,1060,688,,,,,,
152,5110.1,,,,,,,,,,14,110,507,,,,,,,12,262,505,,,,,,,14,1060,687,,,,,,
153,5142.3,,,,,,,,,,14,111,507,,,,,,,12,262,504,,,,,,,14,1060,688,,,,,,
154,5178.1,,,,,,,,,,14,111,506,,,,,,,12,262,504,,,,,,,14,1060,688,,,,,,
155,5210.1,,,,,,,,,,14,111,505,,,,,,,12,263,504,,,,,,,14,1060,687,,,,,,
156,5242.1,,,,,,,,,,14,111,505,,,,,,,12,262,504,,,,,,,14,1060,688,,,,,,
157,5277.9,,,,,,,,,,14,111,505,,,,,,,12,263,504,,,,,,,14,1060,687,,,,,,
158,5310.5,,,,,,,,,,14,111,506,,,,,,,12,263,503,,,,,,,14,1060,687,,,,,,
159,5342.9,,,,,,,,,,14,111,504,,,,,,,12,263,503,,,,,,,14,1060,687,,,,,,
160,5377.8,,,,,,,,,,14,112,504,,,,,,,12,263,502,,,,,,,14,1060,687,,,,,,
161,5410.1,,,,,,,,,,14,111,504,,,,,,,12,263,502,,,,,,,14,1060,687,,,,,,
162,5445.8,,,,,,,,,,15,112,503,,,,,,,12,263,502,,,,,,,14,1060,687,,,,,,
163,5478.1,,,,,,,,,,15,112,504,,,,,,,12,263,502,,,,,,,14,1060,688,,,,,,
164,5510.1,,,,,,,,,,14,112,503,,,,,,,12,263,502,,,,,,,14,1060,688,,,,,,
165,5542.8,,,,,,,,,,14,111,503,,,,,,,12,263,501,,,,,,,14,1060,687,,,,,,
166,5580.0,,,,,,,,,,15,112,501,,,,,,,12,264,501,,,,,,,14,1060,688,,,,,,
167,5610.3,,,,,,,,,,14,112,501,,,,,,,12,264,500,,,,,,,14,1060,687,,,,,,
168,5642.2,,,,,,,,,,15,113,499,,,,,,,12,264,499,,,,,,,14,1060,687,,,,,,
169,5678.0,,,,,,,,,,14,113,499,,,,,,,12,264,499,,,,,,,14,1060,688,,,,,,
170,5710.4,,,,,,,,,,15,113,498,,,,,,,12,264,498,,,,,,,14,1060,687,,,,,,
171,5742.2,,,,,,,,,,15,113,497,,,,,,,12,265,498,,,,,,,14,1060,688,,,,,,
172,5778.0,,,,,,,,,,14,113,498,,,,,,,12,265,497,,,,,,,14,1060,687,,,,,,
173,5809.9,,,,,,,,,,14,113,497,,,,,,,12,265,497,,,,,,,14,1060,688,,,,,,
174,5842.3,,,,,,,,,,14,114,497,,,,,,,12,265,496,,,,,,,14,1060,688,,,,,,
175,5877.9,,,,,,,,,,14,114,496,,,,,,,12,265,496,,,,,,,14,1060,688,,,,,,
176,5910.7,,,,,,,,,,15,114,495,,,,,,,12,265,496,,,,,,,14,1060,687,,,,,,
177,5942.9,,,,,,,,,,15,114,494,,,,,,,12,266,495,,,,,,,14,1060,687,,,,,,
178,5978.2,,,,,,,,,,15,114,494,,,,,,,12,266,495,,,,,,,14,1060,688,,,,,,
179,6011.6,,,,,,,,,,14,114,495,,,,,,,12,266,494,,,,,,,14,1060,688,,,,,,
180,6042.4,,,,,,,,,,15,114,493,,,,,,,12,266,494,,,,,,,14,1060,687,,,,,,
181,6079.0,,,,,,,,,,15,114,492,,,,,,,12,266,494,,,,,,,14,1060,688,,,,,,
182,6110.2,,,,,,,,,,15,115,492,,,,,,,12,266,493,,,,,,,14,1060,687,,,,,,
183,6143.1,,,,,,,,,,15,115,491,,,,,,,12,266,493,,,,,,,14,1060,687,,,,,,
184,6178.0,,,,,,,,,,15,115,492,,,,,,,12,266,493,,,,,,,14,1060,688,,,,,,
185,6210.3,,,,,,,,,,14,115,491,,,,,,,12,266,492,,,,,,,14,1060,688,,,,,,
186,6242.8,,,,,,,,,,14,115,490,,,,,,,12,267,491,,,,,,,14,1060,687,,,,,,
187,6278.1,,,,,,,,,,15,116,490,,,,,,,12,267,491,,,,,,,14,1060,688,,,,,,
188,6310.7,,,,,,,,,,15,116,489,,,,,,,12,267,490,,,,,,,14,1061,688,,,,,,
189,6343.4,,,,,,,,,,15,116,488,,,,,,,12,267,489,,,,,,,14,1060,687,,,,,,
190,6378.4,,,,,,,,,,14,117,488,,,,,,,12,268,488,,,,,,,14,1060,687,,,,,,
191,6410.8,,,,,,,,,,14,116,486,,,,,,,12,268,488,,,,,,,14,1060,687,,,,,,
192,6442.4,,,,,,,,,,14,117,485,,,,,,,12,268,486,,,,,,,14,1060,688,,,,,,
193,6478.3,,,,,,,,,,15,117,485,,,,,,,12,268,487,,,,,,,14,1060,688,,,,,,
194,6510.8,,,,,,,,,,15,118,484,,,,,,,12,269,486,,,,,,,14,1060,687,,,,,,
195,6542.6,,,,,,,,,,15,118,483,,,,,,,12,269,485,,,,,,,14,1060,687,,,,,,
196,6578.1,,,,,,,,,,15,118,482,,,,,,,12,269,485,,,,,,,14,1060,688,,,,,,
197,6611.2,,,,,,,,,,14,117,482,,,,,,,12,269,485,,,,,,,14,1060,687,,,,,,
198,6642.7,,,,,,,,,,14,118,483,,,,,,,12,269,485,,,,,,,14,1060,688,,,,,,
199,6678.2,,,,,,,,,,14,118,482,,,,,,,12,269,485,,,,,,,14,1060,688,,,,,,
200,6710.9,,,,,,,,,,15,118,483,,,,,,,12,269,485,,,,,,,14,1061,687,,,,,,
201,6742.4,,,,,,,,,,14,118,482,,,,,,,12,269,484,,,,,,,14,1060,688,,,,,,
202,6777.8,,,,,,,,,,14,118,481,,,,,,,12,269,484,,,,,,,14,1061,688,,,,,,
203,6810.2,,,,,,,,,,14,118,481,,,,,,,13,270,484,,,,,,,14,1061,687,,,,,,
204,6842.6,,,,,,,,,,14,119,481,,,,,,,12,270,483,,,,,,,14,1061,687,,,,,,
205,6878.2,,,,,,,,,,14,118,480,,,,,,,13,270,483,,,,,,,14,1060,687,,,,,,
206,6910.4,,,,,,,,,,14,118,480,,,,,,,12,270,482,,,,,,,14,1060,687,,,,,,
207,6943.3,,,,,,,,,,14,119,480,,,,,,,12,270,482,,,,,,,14,1060,688,,,,,,
208,6982.6,,,,,,,,,,15,119,480,,,,,,,12,270,482,,,,,,,14,1060,687,,,,,,
209,7010.0,,,,,,,,,,14,119,478,,,,,,,12,270,482,,,,,,,14,1061,687,,,,,,
210,7044.7,,,,,,,,,,15,119,478,,,,,,,12,270,482,,,,,,,14,1061,688,,,,,,
211,7078.6,,,,,,,,,,14,119,480,,,,,,,12,270,482,,,,,,,14,1060,688,,,,,,
212,7110.7,,,,,,,,,,15,119,479,,,,,,,12,270,482,,,,,,,14,1061,687,,,,,,
213,7142.8,,,,,,,,,,15,119,478,,,,,,,12,270,482,,,,,,,14,1061,687,,,,,,
214,7177.9,,,,,,,,,,14,119,478,,,,,,,12,270,482,,,,,,,14,1061,687,,,,,,
215,7213.6,,,,,,,,,,15,119,477,,,,,,,12,271,481,,,,,,,14,1061,688,,,,,,
216,7243.5,,,,,,,,,,15,120,476,,,,,,,12,270,480,,,,,,,14,1061,688,,,,,,
217,7282.3,,,,,,,,,,15,120,475,,,,,,,12,271,479,,,,,,,14,1060,687,,,,,,
218,7310.5,,,,,,,,,,14,120,476,,,,,,,12,271,479,,,,,,,14,1061,688,,,,,,
219,7342.4,,,,,,,,,,14,120,475,,,,,,,12,271,478,,,,,,,14,1061,688,,,,,,
220,7377.8,,,,,,,,,,15,120,475,,,,,,,12,271,479,,,,,,,14,1061,687,,,,,,
221,7410.1,,,,,,,,,,15,121,475,,,,,,,12,271,478,,,,,,,14,1061,687,,,,,,
222,7442.2,,,,,,,,,,15,120,474,,,,,,,12,271,478,,,,,,,14,1061,687,,,,,,
223,7478.0,,,,,,,,,,15,120,474,,,,,,,12,272,478,,,,,,,14,1061,687,,,,,,
224,7510.3,,,,,,,,,,14,120,474,,,,,,,12,272,478,,,,,,,14,1061,687,,,,,,
225,7542.1,,,,,,,,,,14,120,474,,,,,,,12,272,478,,,,,,,14,1061,688,,,,,,
226,7577.8,,,,,,,,,,14,121,473,,,,,,,12,272,477,,,,,,,14,1061,688,,,,,,
227,7610.5,,,,,,,,,,14,121,473,,,,,,,12,272,477,,,,,,,14,1061,688,,,,,,
228,7645.8,,,,,,,,,,14,121,473,,,,,,,12,272,477,,,,,,,14,1061,688,,,,,,
229,7677.9,,,,,,,,,,14,121,473,,,,,,,12,272,476,,,,,,,14,1061,687,,,,,,
230,7710.1,,,,,,,,,,14,121,472,,,,,,,12,272,476,,,,,,,14,1061,688,,,,,,
231,7742.4,,,,,,,,,,14,121,472,,,,,,,12,272,476,,,,,,,14,1061,688,,,,,,
232,7778.0,,,,,,,,,,14,122,471,,,,,,,12,273,475,,,,,,,14,1061,687,,,,,,
233,7810.1,,,,,,,,,,15,122,470,,,,,,,12,273,475,,,,,,,14,1061,688,,,,,,
234,7842.6,,,,,,,,,,14,122,470,,,,,,,12,273,474,,,,,,,14,1061,688,,,,,,
235,7878.0,,,,,,,,,,15,123,471,,,,,,,12,273,475,,,,,,,14,1061,687,,,,,,
236,7911.5,,,,,,,,,,14,122,470,,,,,,,12,273,474,,,,,,,14,1060,688,,,,,,
237,7942.0,,,,,,,,,,15,122,468,,,,,,,12,273,474,,,,,,,14,1061,687,,,,,,
238,7978.0,,,,,,,,,,14,122,468,,,,,,,12,273,473,,,,,,,14,1061,687,,,,,,
239,8014.6,,,,,,,,,,14,122,468,,,,,,,12,273,473,,,,,,,14,1061,687,,,,,,
240,8042.7,,,,,,,,,,14,122,468,,,,,,,12,273,473,,,,,,,14,1061,688,,,,,,
241,8078.1,,,,,,,,,,14,123,467,,,,,,,12,274,473,,,,,,,14,1061,687,,,,,,
242,8110.3,,,,,,,,,,15,123,468,,,,,,,12,274,472,,,,,,,14,1061,687,,,,,,
243,8142.2,,,,,,,,,,15,122,466,,,,,,,13,274,472,,,,,,,14,1061,688,,,,,,
244,8177.8,,,,,,,,,,14,123,465,,,,,,,12,274,471,,,,,,,14,1061,687,,,,,,
245,8213.3,,,,,,,,,,14,123,466,,,,,,,12,274,471,,,,,,,14,1061,687,,,,,,
246,8242.3,,,,,,,,,,14,123,465,,,,,,,12,274,470,,,,,,,14,1061,687,,,,,,
247,8278.0,,,,,,,,,,14,123,466,,,,,,,12,274,470,,,,,,,14,1061,687,,,,,,
248,8310.1,,,,,,,,,,14,124,465,,,,,,,12,275,469,,,,,,,14,1061,687,,,,,,
249,8342.7,,,,,,,,,,14,123,464,,,,,,,12,275,469,,,,,,,14,1061,687,,,,,,
250,8378.0,,,,,,,,,,15,125,464,,,,,,,12,275,469,,,,,,,14,1061,687,,,,,,
251,8410.2,,,,,,,,,,14,124,462,,,,,,,12,275,468,,,,,,,14,1061,688,,,,,,
252,8442.4,,,,,,,,,,14,125,461,,,,,,,12,276,468,,,,,,,14,1061,687,,,,,,
253,8477.8,,,,,,,,,,15,125,462,,,,,,,12,276,467,,,,,,,14,1061,687,,,,,,
254,8510.0,,,,,,,,,,14,125,461,,,,,,,12,276,467,,,,,,,14,1061,688,,,,,,
255,8542.2,,,,,,,,,,14,125,461,,,,,,,12,276,467,,,,,,,14,1061,688,,,,,,
256,8577.8,,,,,,,,,,14,125,462,,,,,,,12,276,467,,,,,,,14,1061,687,,,,,,
257,8610.4,,,,,,,,,,15,125,462,,,,,,,12,276,467,,,,,,,14,1061,687,,,,,,
258,8642.2,,,,,,,,,,14,125,461,,,,,,,12,276,466,,,,,,,14,1061,688,,,,,,
259,8678.3,,,,,,,,,,14,125,460,,,,,,,12,276,466,,,,,,,14,1061,688,,,,,,
260,8711.4,,,,,,,,,,14,125,461,,,,,,,12,276,466,,,,,,,14,1061,688,,,,,,
261,8742.5,,,,,,,,,,15,125,461,,,,,,,12,276,466,,,,,,,14,1061,687,,,,,,
262,8777.9,,,,,,,,,,15,125,461,,,,,,,12,276,466,,,,,,,14,1061,687,,,,,,
263,8809.9,,,,,,,,,,15,125,461,,,,,,,12,276,466,,,,,,,14,1061,688,,,,,,
264,8842.2,,,,,,,,,,14,125,461,,,,,,,12,276,466,,,,,,,14,1061,687,,,,,,
265,8878.4,,,,,,,,,,15,125,460,,,,,,,12,276,466,,,,,,,14,1061,688,,,,,,
266,8910.2,,,,,,,,,,15,125,461,,,,,,,12,276,466,,,,,,,14,1061,687,,,,,,
267,8942.1,,,,,,,,,,15,125,461,,,,,,,12,276,466,,,,,,,14,1061,687,,,,,,
268,8977.9,,,,,,,,,,14,125,460,,,,,,,12,276,466,,,,,,,14,1061,687,,,,,,
269,9011.1,,,,,,,,,,15,126,459,,,,,,,12,276,466,,,,,,,14,1061,687,,,,,,
270,9042.6,,,,,,,,,,15,126,459,,,,,,,12,277,465,,,,,,,14,1061,687,,,,,,
271,9078.1,,,,,,,,,,15,126,458,,,,,,,12,277,464,,,,,,,14,1062,688,,,,,,
272,9110.4,,,,,,,,,,14,126,457,,,,,,,12,277,463,,,,,,,14,1061,687,,,,,,
273,9142.5,,,,,,,,,,15,127,457,,,,,,,12,277,463,,,,,,,14,1061,687,,,,,,
274,9178.1,,,,,,,,,,14,127,456,,,,,,,12,277,462,,,,,,,14,1061,687,,,,,,
275,9210.1,,,,,,,,,,15,127,456,,,,,,,12,277,463,,,,,,,14,1061,687,,,,,,
276,9242.6,,,,,,,,,,14,126,456,,,,,,,12,277,463,,,,,,,14,1061,688,,,,,,
277,9280.2,,,,,,,,,,14,127,456,,,,,,,12,277,463,,,,,,,14,1061,687,,,,,,
278,9310.1,,,,,,,,,,15,127,457,,,,,,,12,277,462,,,,,,,14,1061,687,,,,,,
279,9342.1,,,,,,,,,,15,127,455,,,,,,,12,277,463,,,,,,,14,1061,687,,,,,,
280,9377.8,,,,,,,,,,15,127,456,,,,,,,12,278,462,,,,,,,14,1061,688,,,,,,
281,9414.4,,,,,,,,,,15,127,455,,,,,,,12,277,462,,,,,,,14,1061,688,,,,,,
282,9442.4,,,,,,,,,,14,127,455,,,,,,,12,278,462,,,,,,,14,1061,688,,,,,,
283,9478.0,,,,,,,,,,14,127,454,,,,,,,12,278,461,,,,,,,14,1061,687,,,,,,
284,9510.3,,,,,,,,,,14,127,453,,,,,,,12,278,461,,,,,,,14,1061,687,,,,,,
285,9543.3,,,,,,,,,,14,127,453,,,,,,,12,278,461,,,,,,,14,1061,687,,,,,,
286,9577.8,,,,,,,,,,15,128,454,,,,,,,12,278,461,,,,,,,14,1061,687,,,,,,
287,9613.0,,,,,,,,,,14,128,453,,,,,,,12,278,460,,,,,,,14,1061,687,,,,,,
288,9642.3,,,,,,,,,,14,127,454,,,,,,,12,278,461,,,,,,,14,1061,688,,,,,,
289,9678.1,,,,,,,,,,14,127,453,,,,,,,12,278,460,,,,,,,14,1061,687,,,,,,
290,9710.1,,,,,,,,,,15,128,453,,,,,,,12,278,460,,,,,,,14,1061,687,,,,,,
291,9742.5,,,,,,,,,,14,127,452,,,,,,,12,278,460,,,,,,,14,1061,687,,,,,,
292,9778.0,,,,,,,,,,14,128,452,,,,,,,12,279,460,,,,,,,14,1061,688,,,,,,
293,9810.7,,,,,,,,,,15,128,450,,,,,,,12,279,459,,,,,,,14,1062,687,,,,,,
294,9842.9,,,,,,,,,,14,128,451,,,,,,,12,279,459,,,,,,,14,1061,688,,,,,,
295,9878.7,,,,,,,,,,14,128,451,,,,,,,12,279,458,,,,,,,14,1061,688,,,,,,
296,9910.7,,,,,,,,,,15,129,451,,,,,,,12,279,458,,,,,,,14,1061,687,,,,,,
297,9942.7,,,,,,,,,,15,129,450,,,,,,,12,280,458,,,,,,,14,1061,687,,,,,,
298,9978.2,,,,,,,,,,15,129,449,,,,,,,12,279,458,,,,,,,14,1061,687,,,,,,
299,10010.1,,,,,,,,,,14,129,450,,,,,,,12,280,458,,,,,,,14,1061,687,,,,,,
300,10042.3,,,,,,,,,,15,129,449,,,,,,,12,279,457,,,,,,,14,1061,687,,,,,,
301,10077.9,,,,,,,,,,14,129,450,,,,,,,12,279,457,,,,,,,14,1061,687,,,,,,
302,10110.1,,,,,,,,,,15,129,449,,,,,,,12,279,457,,,,,,,14,1061,687,,,,,,
303,10142.6,,,,,,,,,,14,129,449,,,,,,,12,279,457,,,,,,,14,1061,687,,,,,,
304,10177.9,,,,,,,,,,15,129,449,,,,,,,12,280,456,,,,,,,14,1061,687,,,,,,
305,10210.4,,,,,,,,,,14,129,449,,,,,,,12,280,455,,,,,,,14,1062,687,,,,,,
306,10242.3,,,,,,,,,,15,130,447,,,,,,,12,280,455,,,,,,,14,1061,687,,,,,,
307,10277.9,,,,,,,,,,14,129,448,,,,,,,12,280,456,,,,,,,14,1061,687,,,,,,
308,10309.9,,,,,,,,,,14,130,448,,,,,,,12,280,455,,,,,,,14,1061,687,,,,,,
309,10342.1,,,,,,,,,,15,130,447,,,,,,,12,280,455,,,,,,,14,1061,687,,,,,,
310,10377.7,,,,,,,,,,14,129,447,,,,,,,12,280,456,,,,,,,14,1061,688,,,,,,
311,10420.1,,,,,,,,,,14,130,448,,,,,,,12,280,455,,,,,,,14,1062,687,,,,,,
312,10442.1,,,,,,,,,,14,130,448,,,,,,,12,280,455,,,,,,,14,1061,687,,,,,,
313,10478.0,,,,,,,,,,14,130,448,,,,,,,12,280,455,,,,,,,14,1061,687,,,,,,
314,10510.2,,,,,,,,,,15,130,447,,,,,,,12,281,456,,,,,,,14,1062,688,,,,,,
315,10542.1,,,,,,,,,,14,129,447,,,,,,,12,280,455,,,,,,,14,1061,687,,,,,,
316,10578.0,,,,,,,,,,14,130,448,,,,,,,12,280,455,,,,,,,14,1061,687,,,,,,
317,10610.3,,,,,,,,,,15,130,447,,,,,,,12,280,455,,,,,,,14,1062,687,,,,,,
318,10642.3,,,,,,,,,,14,129,447,,,,,,,12,280,455,,,,,,,14,1061,688,,,,,,
319,10678.3,,,,,,,,,,15,130,447,,,,,,,12,280,455,,,,,,,14,1061,687,,,,,,
320,10710.0,,,,,,,,,,14,129,447,,,,,,,12,280,455,,,,,,,14,1061,687,,,,,,
321,10742.1,,,,,,,,,,14,130,446,,,,,,,12,280,455,,,,,,,14,1061,687,,,,,,
322,10778.0,,,,,,,,,,15,130,446,,,,,,,12,281,455,,,,,,,14,1061,688,,,,,,
323,10810.4,,,,,,,,,,14,130,445,,,,,,,12,281,454,,,,,,,14,1061,687,,,,,,
324,10847.2,,,,,,,,,,14,131,445,,,,,,,12,281,454,,,,,,,14,1061,687,,,,,,
325,10878.3,,,,,,,,,,15,131,444,,,,,,,12,282,453,,,,,,,14,1062,687,,,,,,
326,10910.7,,,,,,,,,,14,131,443,,,,,,,12,282,451,,,,,,,14,1061,688,,,,,,
327,10942.5,,,,,,,,,,15,132,443,,,,,,,12,282,451,,,,,,,14,1061,687,,,,,,
328,10978.0,,,,,,,,,,14,132,442,,,,,,,12,282,450,,,,,,,14,1061,687,,,,,,
329,11010.3,,,,,,,,,,15,132,441,,,,,,,12,282,450,,,,,,,14,1061,687,,,,,,
330,11042.3,,,,,,,,,,15,132,441,,,,,,,12,282,450,,,,,,,14,1061,687,,,,,,
331,11077.9,,,,,,,,,,15,132,441,,,,,,,12,283,450,,,,,,,14,1061,687,,,,,,
332,11110.3,,,,,,,,,,14,132,441,,,,,,,12,282,450,,,,,,,14,1061,687,,,,,,
333,11142.5,,,,,,,,,,14,132,440,,,,,,,12,283,450,,,,,,,14,1062,687,,,,,,
334,11178.2,,,,,,,,,,15,132,440,,,,,,,13,283,450,,,,,,,14,1062,687,,,,,,
335,11210.1,,,,,,,,,,14,133,440,,,,,,,12,283,450,,,,,,,14,1062,687,,,,,,
336,11244.2,,,,,,,,,,14,133,440,,,,,,,12,283,449,,,,,,,14,1062,687,,,,,,
337,11278.4,,,,,,,,,,14,132,439,,,,,,,12,283,448,,,,,,,14,1062,687,,,,,,
338,11314.1,,,,,,,,,,15,133,440,,,,,,,12,283,448,,,,,,,14,1062,688,,,,,,
339,11342.3,,,,,,,,,,15,133,438,,,,,,,12,283,448,,,,,,,14,1061,687,,,,,,
340,11378.0,,,,,,,,,,14,133,438,,,,,,,12,283,448,,,,,,,14,1062,687,,,,,,
341,11410.1,,,,,,,,,,14,133,438,,,,,,,12,283,447,,,,,,,14,1062,687,,,,,,
342,11442.5,,,,,,,,,,14,133,438,,,,,,,12,283,448,,,,,,,14,1061,687,,,,,,
343,11478.2,,,,,,,,,,14,133,438,,,,,,,12,284,447,,,,,,,14,1061,687,,,,,,
344,11513.2,,,,,,,,,,15,134,437,,,,,,,12,284,447,,,,,,,14,1062,686,,,,,,
345,11543.1,,,,,,,,,,15,134,436,,,,,,,12,284,447,,,,,,,14,1061,687,,,,,,
346,11578.2,,,,,,,,,,15,134,437,,,,,,,12,284,447,,,,,,,14,1061,688,,,,,,
347,11610.3,,,,,,,,,,14,133,436,,,,,,,12,284,446,,,,,,,14,1062,687,,,,,,
348,11642.3,,,,,,,,,,14,134,436,,,,,,,12,284,446,,,,,,,14,1061,687,,,,,,
349,11678.1,,,,,,,,,,15,134,435,,,,,,,12,284,445,,,,,,,14,1061,687,,,,,,
350,11710.0,,,,,,,,,,14,135,435,,,,,,,12,285,445,,,,,,,14,1062,687,,,,,,
351,11742.4,,,,,,,,,,14,135,435,,,,,,,12,285,445,,,,,,,14,1062,687,,,,,,
352,11778.0,,,,,,,,,,15,135,433,,,,,,,12,285,445,,,,,,,14,1062,687,,,,,,
353,11809.9,,,,,,,,,,14,134,434,,,,,,,12,285,444,,,,,,,14,1062,687,,,,,,
354,11842.1,,,,,,,,,,14,135,433,,,,,,,12,285,444,,,,,,,14,1061,687,,,,,,
355,11878.1,,,,,,,,,,14,135,433,,,,,,,12,285,444,,,,,,,14,1061,687,,,,,,
356,11909.9,,,,,,,,,,14,135,433,,,,,,,12,285,443,,,,,,,14,1062,687,,,,,,
357,11942.0,,,,,,,,,,15,135,433,,,,,,,12,285,443,,,,,,,14,1062,687,,,,,,
358,11978.0,,,,,,,,,,15,136,433,,,,,,,12,285,443,,,,,,,14,1062,687,,,,,,
359,12012.1,,,,,,,,,,14,135,433,,,,,,,12,285,443,,,,,,,14,1062,687,,,,,,
360,12042.3,,,,,,,,,,14,136,432,,,,,,,12,286,442,,,,,,,14,1062,687,,,,,,
361,12078.1,,,,,,,,,,14,136,431,,,,,,,12,286,442,,,,,,,14,1062,687,,,,,,
362,12110.8,,,,,,,,,,15,136,431,,,,,,,12,286,442,,,,,,,14,1062,687,,,,,,
363,12142.4,,,,,,,,,,14,136,430,,,,,,,12,286,442,,,,,,,14,1062,687,,,,,,
364,12177.8,,,,,,,,,,14,136,430,,,,,,,12,286,442,,,,,,,14,1062,687,,,,,,
365,12214.3,,,,,,,,,,14,136,429,,,,,,,12,286,441,,,,,,,14,1062,687,,,,,,
366,12244.5,,,,,,,,,,14,137,429,,,,,,,12,286,440,,,,,,,14,1062,687,,,,,,
367,12278.0,,,,,,,,,,14,137,429,,,,,,,12,287,441,,,,,,,14,1062,687,,,,,,
368,12310.3,,,,,,,,,,14,136,429,,,,,,,12,286,440,,,,,,,14,1062,687,,,,,,
369,12343.7,,,,,,,,,,15,137,429,,,,,,,12,287,441,,,,,,,14,1062,687,,,,,,
370,12378.2,,,,,,,,,,14,136,429,,,,,,,12,286,440,,,,,,,14,1062,687,,,,,,
371,12410.3,,,,,,,,,,14,136,429,,,,,,,12,287,441,,,,,,,14,1062,687,,,,,,
372,12442.4,,,,,,,,,,15,137,429,,,,,,,12,287,441,,,,,,,14,1062,687,,,,,,
373,12478.2,,,,,,,,,,15,137,428,,,,,,,12,287,440,,,,,,,14,1061,687,,,,,,
374,12510.2,,,,,,,,,,14,137,429,,,,,,,12,287,440,,,,,,,14,1062,687,,,,,,
375,12542.2,,,,,,,,,,15,137,427,,,,,,,12,287,439,,,,,,,14,1062,687,,,,,,
376,12578.0,,,,,,,,,,15,138,428,,,,,,,12,287,439,,,,,,,14,1062,687,,,,,,
377,12613.3,,,,,,,,,,14,137,427,,,,,,,12,287,438,,,,,,,14,1062,687,,,,,,
378,12642.3,,,,,,,,,,15,138,426,,,,,,,12,288,438,,,,,,,14,1062,687,,,,,,
379,12678.3,,,,,,,,,,14,137,427,,,,,,,12,287,438,,,,,,,14,1062,686,,,,,,
380,12713.2,,,,,,,,,,14,137,426,,,,,,,12,288,438,,,,,,,14,1062,687,,,,,,
381,12745.7,,,,,,,,,,15,138,425,,,,,,,12,288,437,,,,,,,14,1063,686,,,,,,
382,12778.0,,,,,,,,,,15,138,424,,,,,,,12,288,437,,,,,,,14,1062,687,,,,,,
383,12810.7,,,,,,,,,,14,138,425,,,,,,,12,288,436,,,,,,,14,1062,687,,,,,,
384,12842.8,,,,,,,,,,14,138,425,,,,,,,12,288,437,,,,,,,14,1062,687,,,,,,
385,12877.9,,,,,,,,,,14,138,424,,,,,,,12,288,437,,,,,,,14,1062,687,,,,,,
386,12910.5,,,,,,,,,,15,138,424,,,,,,,12,288,436,,,,,,,14,1062,687,,,,,,
387,12942.4,,,,,,,,,,14,139,424,,,,,,,12,288,437,,,,,,,14,1062,687,,,,,,
388,12978.3,,,,,,,,,,14,138,423,,,,,,,12,288,436,,,,,,,14,1062,687,,,,,,
389,13010.1,,,,,,,,,,15,139,424,,,,,,,12,289,436,,,,,,,14,1062,687,,,,,,
390,13042.6,,,,,,,,,,15,139,424,,,,,,,12,288,436,,,,,,,14,1062,687,,,,,,
391,13078.1,,,,,,,,,,14,139,423,,,,,,,12,289,436,,,,,,,14,1062,687,,,,,,
392,13110.2,,,,,,,,,,15,139,423,,,,,,,12,289,435,,,,,,,14,1062,687,,,,,,
393,13142.1,,,,,,,,,,15,139,423,,,,,,,12,289,436,,,,,,,14,1062,687,,,,,,
394,13177.8,,,,,,,,,,15,139,423,,,,,,,12,289,436,,,,,,,14,1062,687,,,,,,
395,13210.1,,,,,,,,,,15,139,423,,,,,,,12,289,436,,,,,,,14,1062,687,,,,,,
396,13243.1,,,,,,,,,,15,139,423,,,,,,,12,289,436,,,,,,,14,1062,687,,,,,,
397,13278.3,,,,,,,,,,15,139,423,,,,,,,12,289,436,,,,,,,14,1062,687,,,,,,
398,13310.0,,,,,,,,,,14,139,422,,,,,,,12,289,435,,,,,,,14,1062,687,,,,,,
399,13343.9,,,,,,,,,,15,139,422,,,,,,,12,289,435,,,,,,,14,1062,687,,,,,,
400,13378.2,,,,,,,,,,14,139,421,,,,,,,12,289,435,,,,,,,14,1062,687,,,,,,
401,13410.1,,,,,,,,,,14,140,422,,,,,,,12,289,434,,,,,,,14,1062,686,,,,,,
402,13442.3,,,,,,,,,,14,140,421,,,,,,,12,290,433,,,,,,,14,1062,687,,,,,,
403,13478.5,,,,,,,,,,14,140,421,,,,,,,12,290,433,,,,,,,14,1062,687,,,,,,
404,13512.7,,,,,,,,,,14,140,420,,,,,,,12,290,433,,,,,,,14,1062,687,,,,,,
405,13542.3,,,,,,,,,,14,140,420,,,,,,,12,290,433,,,,,,,14,1062,687,,,,,,
406,13578.4,,,,,,,,,,14,140,419,,,,,,,12,290,432,,,,,,,14,1062,687,,,,,,
407,13610.3,,,,,,,,,,14,141,420,,,,,,,12,290,432,,,,,,,14,1062,687,,,,,,
408,13642.3,,,,,,,,,,15,141,419,,,,,,,12,291,432,,,,,,,14,1062,687,,,,,,
409,13678.4,,,,,,,,,,14,141,419,,,,,,,12,291,432,,,,,,,14,1062,687,,,,,,
410,13710.2,,,,,,,,,,15,141,417,,,,,,,12,291,432,,,,,,,14,1062,687,,,,,,
411,13742.3,,,,,,,,,,15,141,417,,,,,,,12,291,431,,,,,,,14,1062,687,,,,,,
412,13778.2,,,,,,,,,,15,141,417,,,,,,,12,291,431,,,,,,,14,1062,687,,,,,,
413,13809.9,,,,,,,,,,14,141,417,,,,,,,12,291,431,,,,,,,14,1062,687,,,,,,
414,13842.2,,,,,,,,,,14,141,417,,,,,,,12,291,430,,,,,,,14,1062,687,,,,,,
415,13877.9,,,,,,,,,,15,142,416,,,,,,,12,291,430,,,,,,,14,1062,687,,,,,,
416,13910.0,,,,,,,,,,14,142,416,,,,,,,12,292,430,,,,,,,14,1062,687,,,,,,
417,13942.9,,,,,,,,,,14,141,415,,,,,,,12,291,429,,,,,,,14,1062,686,,,,,,
418,13977.9,,,,,,,,,,15,142,415,,,,,,,12,292,429,,,,,,,14,1062,687,,,,,,
419,14009.9,,,,,,,,,,14,142,415,,,,,,,12,292,429,,,,,,,14,1062,687,,,,,,
420,14042.4,,,,,,,,,,15,142,414,,,,,,,12,292,429,,,,,,,14,1062,686,,,,,,
421,14078.4,,,,,,,,,,14,142,414,,,,,,,12,292,428,,,,,,,14,1062,687,,,,,,
422,14109.8,,,,,,,,,,14,142,414,,,,,,,12,292,428,,,,,,,14,1062,687,,,,,,
423,14142.0,,,,,,,,,,14,142,413,,,,,,,12,292,428,,,,,,,14,1062,687,,,,,,
424,14178.1,,,,,,,,,,15,143,412,,,,,,,12,292,427,,,,,,,14,1062,687,,,,,,
425,14210.1,,,,,,,,,,14,143,412,,,,,,,12,293,427,,,,,,,14,1062,687,,,,,,
426,14242.1,,,,,,,,,,14,143,412,,,,,,,12,293,427,,,,,,,14,1062,687,,,,,,
427,14278.1,,,,,,,,,,14,143,412,,,,,,,12,293,427,,,,,,,14,1062,687,,,,,,
428,14318.3,,,,,,,,,,14,143,412,,,,,,,12,293,427,,,,,,,14,1062,687,,,,,,
429,14347.8,,,,,,,,,,14,143,412,,,,,,,12,293,427,,,,,,,14,1062,687,,,,,,
430,14377.9,,,,,,,,,,14,143,413,,,,,,,12,293,427,,,,,,,14,1062,687,,,,,,
431,14410.2,,,,,,,,,,14,143,412,,,,,,,12,293,427,,,,,,,14,1062,687,,,,,,
432,14442.5,,,,,,,,,,15,143,412,,,,,,,12,293,427,,,,,,,14,1062,687,,,,,,
433,14477.9,,,,,,,,,,14,143,413,,,,,,,12,293,427,,,,,,,14,1062,687,,,,,,
434,14510.0,,,,,,,,,,14,143,412,,,,,,,12,293,426,,,,,,,14,1063,686,,,,,,
435,14542.2,,,,,,,,,,14,143,411,,,,,,,12,293,426,,,,,,,14,1062,687,,,,,,
436,14577.9,,,,,,,,,,15,144,411,,,,,,,12,293,425,,,,,,,14,1062,687,,,,,,
437,14610.2,,,,,,,,,,15,144,410,,,,,,,12,293,425,,,,,,,14,1062,687,,,,,,
438,14642.3,,,,,,,,,,14,144,411,,,,,,,12,293,425,,,,,,,14,1062,687,,,,,,
439,14678.5,,,,,,,,,,14,144,410,,,,,,,12,294,425,,,,,,,14,1062,687,,,,,,
440,14710.1,,,,,,,,,,14,144,410,,,,,,,12,293,425,,,,,,,14,1062,687,,,,,,
441,14742.5,,,,,,,,,,14,144,410,,,,,,,12,294,425,,,,,,,14,1062,686,,,,,,
442,14778.0,,,,,,,,,,14,144,410,,,,,,,12,294,425,,,,,,,14,1062,687,,,,,,
443,14810.0,,,,,,,,,,14,144,409,,,,,,,12,294,424,,,,,,,14,1062,687,,,,,,
444,14843.1,,,,,,,,,,14,144,408,,,,,,,12,294,424,,,,,,,14,1062,687,,,,,,
445,14878.1,,,,,,,,,,14,145,408,,,,,,,12,294,423,,,,,,,14,1062,687,,,,,,
446,14910.1,,,,,,,,,,14,145,408,,,,,,,12,295,423,,,,,,,14,1062,687,,,,,,
447,14942.1,,,,,,,,,,14,145,407,,,,,,,12,295,422,,,,,,,14,1062,686,,,,,,
448,14978.0,,,,,,,,,,14,145,406,,,,,,,12,295,422,,,,,,,14,1062,687,,,,,,
449,15010.0,,,,,,,,,,14,145,406,,,,,,,12,295,422,,,,,,,14,1062,687,,,,,,
450,15042.5,,,,,,,,,,15,146,406,,,,,,,12,295,422,,,,,,,14,1062,687,,,,,,
451,15078.3,,,,,,,,,,14,145,406,,,,,,,12,295,422,,,,,,,14,1062,687,,,,,,
452,15111.5,,,,,,,,,,14,145,406,,,,,,,12,295,422,,,,,,,14,1062,687,,,,,,
453,15146.1,,,,,,,,,,15,146,405,,,,,,,12,295,421,,,,,,,14,1062,687,,,,,,
454,15178.3,,,,,,,,,,14,146,406,,,,,,,12,295,421,,,,,,,14,1062,687,,,,,,
455,15210.6,,,,,,,,,,15,146,405,,,,,,,12,295,421,,,,,,,14,1062,687,,,,,,
456,15244.9,,,,,,,,,,14,146,405,,,,,,,12,295,421,,,,,,,14,1062,687,,,,,,
457,15278.0,,,,,,,,,,14,146,405,,,,,,,12,295,420,,,,,,,14,1062,686,,,,,,
458,15310.3,,,,,,,,,,14,146,404,,,,,,,12,296,420,,,,,,,14,1062,686,,,,,,
459,15344.6,,,,,,,,,,14,146,404,,,,,,,12,295,421,,,,,,,14,1062,687,,,,,,
460,15377.8,,,,,,,,,,14,146,405,,,,,,,12,296,420,,,,,,,14,1062,687,,,,,,
461,15410.0,,,,,,,,,,14,146,404,,,,,,,12,296,420,,,,,,,14,1062,686,,,,,,
462,15442.2,,,,,,,,,,15,147,405,,,,,,,12,296,420,,,,,,,14,1063,687,,,,,,
463,15478.8,,,,,,,,,,14,147,404,,,,,,,12,296,420,,,,,,,14,1063,686,,,,,,
464,15510.3,,,,,,,,,,15,147,403,,,,,,,12,296,420,,,,,,,14,1062,686,,,,,,
465,15542.5,,,,,,,,,,14,147,402,,,,,,,12,297,419,,,,,,,14,1063,687,,,,,,
466,15578.1,,,,,,,,,,14,147,402,,,,,,,12,297,418,,,,,,,14,1063,687,,,,,,
467,15610.7,,,,,,,,,,14,147,400,,,,,,,12,297,417,,,,,,,14,1063,686,,,,,,
468,15646.8,,,,,,,,,,15,149,400,,,,,,,12,298,417,,,,,,,14,1063,686,,,,,,
469,15678.1,,,,,,,,,,14,148,400,,,,,,,12,298,417,,,,,,,14,1063,687,,,,,,
470,15710.3,,,,,,,,,,15,149,399,,,,,,,12,298,416,,,,,,,14,1063,687,,,,,,
471,15744.2,,,,,,,,,,15,149,400,,,,,,,12,298,415,,,,,,,14,1062,687,,,,,,
472,15783.6,,,,,,,,,,15,149,399,,,,,,,12,298,416,,,,,,,14,1062,687,,,,,,
473,15810.6,,,,,,,,,,14,149,398,,,,,,,12,298,416,,,,,,,14,1063,687,,,,,,
474,15843.1,,,,,,,,,,14,149,399,,,,,,,12,298,416,,,,,,,14,1062,687,,,,,,
475,15878.4,,,,,,,,,,14,149,399,,,,,,,12,298,416,,,,,,,14,1063,686,,,,,,
476,15910.3,,,,,,,,,,14,149,398,,,,,,,12,298,416,,,,,,,14,1062,687,,,,,,
477,15942.5,,,,,,,,,,14,149,398,,,,,,,12,298,415,,,,,,,14,1063,687,,,,,,
478,15978.7,,,,,,,,,,14,149,398,,,,,,,12,299,415,,,,,,,14,1063,687,,,,,,
479,16012.1,,,,,,,,,,14,149,397,,,,,,,12,299,414,,,,,,,14,1063,686,,,,,,
480,16042.9,,,,,,,,,,14,149,396,,,,,,,12,299,413,,,,,,,14,1063,686,,,,,,
481,16078.0,,,,,,,,,,14,150,395,,,,,,,12,299,413,,,,,,,14,1063,686,,,,,,
482,16110.4,,,,,,,,,,14,150,396,,,,,,,12,299,413,,,,,,,14,1063,687,,,,,,
483,16144.7,,,,,,,,,,14,150,395,,,,,,,12,299,413,,,,,,,14,1063,687,,,,,,
484,16177.9,,,,,,,,,,14,150,395,,,,,,,12,299,413,,,,,,,14,1063,686,,,,,,
485,16210.2,,,,,,,,,,14,150,395,,,,,,,12,300,412,,,,,,,14,1062,687,,,,,,
486,16242.6,,,,,,,,,,14,151,396,,,,,,,12,300,413,,,,,,,14,1063,687,,,,,,
487,16278.0,,,,,,,,,,15,151,395,,,,,,,12,300,412,,,,,,,14,1063,686,,,,,,
488,16310.3,,,,,,,,,,14,150,395,,,,,,,12,303,413,,,,,,,14,1063,686,,,,,,
489,16343.2,,,,,,,,,,14,150,394,,,,,,,12,308,414,,,,,,,14,1062,687,,,,,,
490,16377.9,,,,,,,,,,14,150,394,,,,,,,12,315,417,,,,,,,14,1063,686,,,,,,
491,16413.1,,,,,,,,,,15,151,393,,,,,,,12,324,420,,,,,,,14,1063,687,,,,,,
492,16442.2,,,,,,,,,,14,151,394,,,,,,,12,334,423,,,,,,,14,1063,687,,,,,,
493,16477.9,,,,,,,,,,15,151,395,,,,,,,12,347,428,,,,,,,14,1063,686,,,,,,
494,16513.8,,,,,,,,,,14,150,395,,,,,,,12,361,432,,,,,,,14,1063,687,,,,,,
495,16542.3,,,,,,,,,,14,150,395,,,,,,,12,377,438,,,,,,,14,1063,687,,,,,,
496,16578.0,,,,,,,,,,14,150,395,,,,,,,12,395,444,,,,,,,14,1062,687,,,,,,
497,16611.2,,,,,,,,,,14,150,396,,,,,,,12,414,450,,,,,,,14,1063,686,,,,,,
498,16647.2,,,,,,,,,,14,150,395,,,,,,,12,435,456,,,,,,,14,1063,686,,,,,,
499,16678.2,,,,,,,,,,14,150,394,,,,,,,12,457,464,,,,,,,14,1063,686,,,,,,
500,16710.3,,,,,,,,,,15,151,394,,,,,,,12,480,470,,,,,,,14,1063,687,,,,,,
501,16742.1,,,,,,,,,,14,150,394,,,,,,,12,505,478,,,,,,,14,1063,686,,,,,,
502,16778.1,,,,,,,,,,14,151,394,,,,,,,12,531,487,,,,,,,14,1063,687,,,,,,
503,16810.2,,,,,,,,,,14,151,393,,,,,,,12,559,496,,,,,,,14,1063,687,,,,,,
504,16846.3,,,,,,,,,,14,151,393,,,,,,,12,587,504,,,,,,,14,1063,686,,,,,,
505,16879.2,,,,,,,,,,14,151,393,,,,,,,12,618,515,,,,,,,14,1063,686,,,,,,
506,16910.0,,,,,,,,,,14,151,394,,,,,,,12,648,524,,,,,,,14,1062,687,,,,,,
507,16942.4,,,,,,,,,,14,151,393,,,,,,,11,682,535,,,,,,,14,1063,687,,,,,,
508,16978.4,,,,,,,,,,14,151,394,,,,,,,12,715,546,,,,,,,14,1062,687,,,,,,
509,17010.1,,,,,,,,,,14,150,394,,,,,,,12,750,557,,,,,,,14,1063,687,,,,,,
510,17042.4,,,,,,,,,,14,150,394,,,,,,,12,787,568,,,,,,,14,1062,687,,,,,,
511,17077.9,,,,,,,,,,14,151,393,,,,,,,12,825,580,,,,,,,14,1063,687,,,,,,
512,17110.0,,,,,,,,,,14,151,394,,,,,,,13,864,592,,,,,,,14,1063,686,,,,,,
513,17142.3,,,,,,,,,,14,151,393,,,,,,,13,904,604,,,,,,,14,1063,687,,,,,,
514,17178.1,,,,,,,,,,14,151,393,,,,,,,13,946,618,,,,,,,14,1062,687,,,,,,
515,17210.0,,,,,,,,,,14,151,393,,,,,,,13,988,631,,,,,,,14,1064,686,,,,,,
516,17242.6,,,,,,,,,,14,151,393,,,,,,,13,1033,645,,,,,,,14,1064,686,,,,,,
517,17278.1,,,,,,,,,,14,151,393,,,,,,,12,1079,658,,,,,,,14,1064,685,,,,,,
